paper_id,title,authors,year,venue,doi,url,domain,application,dataset,model,hardware,smartphone,edge_device,on_device,cloud,adaptive_inference,resource_awareness,energy_evaluation,thermal_evaluation,multi_view,uncertainty,confidence_gating,anomaly_detection,latency_evaluation,accuracy_metrics,efficiency_metrics,limitations,future_work,evidence,notes
P001,Deep learning smartphone application for real‐time detection of defects in buildings,Husein Perez; Joseph H. M. Tah,2021,Structural Control and Health Monitoring,10.1002/stc.2751,https://doi.org/10.1002/stc.2751,Smartphone / Mobile AI,"Real-time detection of building defects (cracks, mould, stain, paint deterioration)",Unknown,Deep learning model (architecture not stated in abstract),Smartphone (model not stated in abstract),Yes,Unknown,Unknown,Unknown,Unknown,Unknown,Unknown,Unknown,Unknown,Unknown,Unknown,Unknown,Unknown,,,,,[Verified; source: abstract via OpenAlex/Crossref abstract] The work develops a smartphone application for defect detection. -> Abstract describes a deep learning-based smartphone app for real-time detection of four building defect types. | Inference location (on-device vs server). -> Abstract does not state where inference executes; on_device left Unknown.,Search group G1. Abstract-level extraction (2026-10-01). Real-time claim stated without a reported latency figure in the abstract; full text needed for hardware and on-device confirmation. Paper type: system/method.
P002,A Road Defect Detection System Using Smartphones,Gyulim Kim; Seungku Kim,2024,Sensors,10.3390/s24072099,https://doi.org/10.3390/s24072099,Smartphone / Mobile AI,"Road defect classification (speed bumps, manholes, potholes)","Custom: self-collected smartphone accelerometer data auto-labelled from dashcam video (20 h / 300 km training drive, 8 h / 120 km test drive, Cheongju); 576 speed bumps, 290 manholes, 271 potholes; 696 train / 300 test","RDD-CNN (1D-CNN; TFLite, 16-bit quantization); YOLOv5m (automatic training-label generation); SVM, Random Forest, LSTM (baselines)","Acquisition: Samsung Galaxy Note8, Xiaomi Redmi Note 10 Pro, LG Q7 (accelerometer, 100 Hz); INAVI QHD5000 dashcam (training labels only); Inference: not stated (TFLite model designed for the three phones)",Yes,Unknown,Unknown,No,No,No,No,No,No,No,Unknown,No,Unknown,RDD-CNN accuracy stated as exceeding 86.77% vs other models; speed bump vs no-defect 99%; YOLOv5m labeller 95.17% average per image; automatic data collection 100% label accuracy with 15.21% of data missed,Model size -59.11% on average after quantization; about 0.1 s processing per minute of driving data (hardware not stated); 533.75 sliding-window tests per minute on average; YOLOv5m labelling model 882 MB,"Threshold segmentation misses mild defects (painted speed bumps, shallow manholes/potholes); accuracy drops with unstable phone placement (cup holder, door pocket, clothes pocket); raw data limited to daytime, good weather and the front dashcam",,"[Verified; source: abstract via OpenAlex/Crossref abstract] Smartphone-based system. -> Abstract presents automatic data collection and a deep learning model for road defect detection on smartphones. | Speed evaluated. -> Abstract reports the CNN outperforms conventional models in accuracy and processing speed. | [latency_evaluation] Recoded Unknown -> abstract gives a qualitative processing-speed comparison without a measured timing value (abstract) | [Full-text evidence; source: PubMed Central PMC11014122, publisher version of record; read 2026-10-03; Step 9.2 commit 86a087b] [cloud] No -> Step 9.2 Confirmed full-text evidence: A cloud server for a live defect map is future work only; no cloud processing in the evaluated system. (§5) | [adaptive_inference] No -> Step 9.3 rule 4C (approved): window skipping changes how often the fixed RDD-CNN runs, not its computation; static inference graph (§3.2 (Algorithm 1); §4.3) | [resource_awareness] No -> Step 9.2 Confirmed full-text evidence: 32-bit to 16-bit quantization lightens the model for phones (59.11% smaller). Design-time lightweighting with no stated device budget or runtime resource signal. (§3.2; §4.3) | [energy_evaluation] No -> Step 9.2 Confirmed full-text evidence: No energy, power or battery result. (full text read; no occurrence) | [thermal_evaluation] No -> Step 9.2 Confirmed full-text evidence: No temperature or throttling measurement. (full text read; no occurrence) | [multi_view] No -> Step 9.2 Confirmed full-text evidence: The deployed input is a 300x1 accelerometer RMS series. Dashcam video (front/rear) is used only to label training data. (§3.2; §4.1) | [uncertainty] No -> Step 9.2 Confirmed full-text evidence: No uncertainty estimation or calibration. (full text read; no occurrence) | [anomaly_detection] No -> Step 9.2 Confirmed full-text evidence: Supervised classification of speed bumps, manholes and potholes from labelled data. (§3.2; §4.3) | [dataset] full-text value -> as reported (§4.1; §4.3) | [model] full-text value -> as reported (§3.1.2; §3.2; §4.3) | [hardware] full-text value -> as reported (§4.1) | [accuracy_metrics] full-text value -> as reported (§4.2; §4.3; §5) | [efficiency_metrics] full-text value -> as reported (§4.1; §4.3; §5) | [limitations] full-text value -> stated by the authors (§4.2; §4.3)","Search group G1. Abstract-level extraction (2026-10-01). Abstract wording ('on smartphones') suggests but does not explicitly confirm on-device inference; on_device left Unknown pending full text. Paper type: system/method. Recoded latency_evaluation Yes→Unknown under README §7 v1.1 (2026-10-03), Decision 3 (qualitative speed claims). Requires full-text verification. Full-text extraction (2026-10-03; Step 9.4 controlled recoding from Step 9.2 evidence, source: PubMed Central PMC11014122, publisher version of record). Recoded cloud Unknown→No under README §7 v1.1 (2026-10-03), README §7.3 cloud; full-text evidence (§5). Recoded adaptive_inference Unknown→No under README §7 v1.1 (2026-10-03), README §7.3 adaptive_inference; full-text evidence (§3.2 (Algorithm 1); §4.3). Recoded resource_awareness Unknown→No under README §7 v1.1 (2026-10-03), README §7.3 resource_awareness; full-text evidence (§3.2; §4.3). Recoded energy_evaluation Unknown→No under README §7 v1.1 (2026-10-03), README §7.3 energy_evaluation; full-text evidence (full text read; no occurrence). Recoded thermal_evaluation Unknown→No under README §7 v1.1 (2026-10-03), README §7.3 thermal_evaluation; full-text evidence (full text read; no occurrence). Recoded multi_view Unknown→No under README §7 v1.1 (2026-10-03), README §7.3 multi_view; full-text evidence (§3.2; §4.1). Recoded uncertainty Unknown→No under README §7 v1.1 (2026-10-03), README §7.3 uncertainty; full-text evidence (full text read; no occurrence). Recoded anomaly_detection Unknown→No under README §7 v1.1 (2026-10-03), README §7.3 anomaly_detection; full-text evidence (§3.2; §4.3). Relevance: full text shows the deployed input is smartphone accelerometer data (dashcam/YOLOv5m only generate training labels); the task is road-condition classification, not image-based visual inspection. Proposed audit class A requires reassessment (class unchanged, Step 9.4)."
P003,AI Benchmark: All About Deep Learning on Smartphones in 2019,Andrey Ignatov; Radu Timofte; Andrei Kulik; Seungsoo Yang; Ke Wang; Felix Baum; Max Wu; Lirong Xu; Luc Van Gool,2019,2019 IEEE/CVF International Conference on Computer Vision Workshop (ICCVW),10.1109/iccvw.2019.00447,https://doi.org/10.1109/iccvw.2019.00447,Smartphone / Mobile AI,Benchmarking AI inference acceleration on smartphone SoCs,AI Benchmark tasks,Multiple DNNs,"Mobile chipsets from Qualcomm, HiSilicon, Samsung, MediaTek, Unisoc",Yes,Yes,Yes,Unknown,Unknown,Unknown,Unknown,Unknown,Unknown,Unknown,Unknown,Unknown,Unknown,,,,,[Verified; source: abstract via OpenAlex/Crossref abstract] On-device smartphone inference is evaluated. -> Abstract evaluates performance of all chipsets from five vendors that provide hardware acceleration for AI inference on mobile devices. | Android ML pipeline discussed. -> Abstract discusses recent changes in the Android ML pipeline and deployment of DL models on mobile devices. | [latency_evaluation] Recoded Unknown -> abstract says chipset performance was evaluated but does not state a timing measure (abstract) | [edge_device] Follows from on-device inference on resource-constrained mobile hardware -> smartphone = Yes and on_device = Yes (smartphone SoC inference benchmarking) (abstract),"Search group G1. Abstract-level extraction (2026-10-01). Performance benchmarking; latency_evaluation=Yes refers to accelerator performance benchmarking. Paper type: measurement study. Recoded latency_evaluation Yes→Unknown under README §7 v1.1 (2026-10-03), Decision 3 (qualitative speed claims). Requires full-text verification. Recoded edge_device Unknown→Yes under README §7 v1.1 (2026-10-03), README §7.5 consistency."
P004,Guidelines and Benchmarks for Deployment of Deep Learning Models on Smartphones as Real-Time Apps,Abhishek Sehgal; Nasser Kehtarnavaz,2019,Machine Learning and Knowledge Extraction,10.3390/make1010027,https://doi.org/10.3390/make1010027,Smartphone / Mobile AI,Real-time deployment of DL inference networks as smartphone apps,Unknown,Six CNN models,Android and iOS smartphones,Yes,Yes,Yes,Unknown,Unknown,Unknown,Unknown,Unknown,Unknown,Unknown,Unknown,Unknown,Yes,,,,,"[Verified; source: abstract via OpenAlex/Crossref abstract] On-device smartphone deployment. -> Abstract devises a uniform implementation flow for real-time deployment of DL inference networks on Android and iOS smartphones. | Resource and throughput benchmarking. -> Benchmarking framework covers accuracy, CPU/GPU consumption and real-time throughput; multi-threading used to improve throughput. | [latency_evaluation] latency type: throughput/FPS -> abstract lists real-time throughput as a benchmarking metric and reports validation results on six CNNs (values not in abstract) (abstract) | [resource_awareness] Recoded Unknown -> abstract benchmarks CPU/GPU consumption but describes no resource-driven decision (abstract) | [edge_device] Follows from on-device inference on resource-constrained mobile hardware -> smartphone = Yes and on_device = Yes (inference deployed on Android/iOS smartphones) (abstract)","Search group G1. Abstract-level extraction (2026-10-01). Paper type: system/method. Throughput values are not given in the abstract. Requires full-text verification of the values. Recoded resource_awareness Yes→Unknown under README §7 v1.1 (2026-10-03), README §7.3 resource_awareness (measurement only). Requires full-text verification. Recoded edge_device Unknown→Yes under README §7 v1.1 (2026-10-03), README §7.5 consistency."
P005,A First Look at Deep Learning Apps on Smartphones,Mengwei Xu; Jiawei Liu; Yuanqiang Liu; Felix Xiaozhu Lin; Yunxin Liu; Xuanzhe Liu,2019,The World Wide Web Conference,10.1145/3308558.3313591,https://doi.org/10.1145/3308558.3313591,Smartphone / Mobile AI,Empirical study of deep learning usage in Android apps,"16,500 popular Android apps",DL models extracted from apps,Android smartphones,Yes,Unknown,Unknown,Unknown,Unknown,Unknown,Unknown,Unknown,Unknown,Unknown,Unknown,Unknown,Unknown,,,,,"[Verified; source: abstract via OpenAlex/Crossref abstract] Studies DL models deployed in smartphone apps. -> Abstract reports an empirical study of 16,500 popular Android apps using a static tool to analyse their deep learning functions and models. | [on_device] Recoded Unknown -> abstract analyses DL models inside app packages with a static tool; on-device execution not stated (abstract)","Search group G1. Abstract-level extraction (2026-10-01). Any priority wording in the title is the authors' own and is not adopted by PocketInspect. Paper type: measurement study. Recoded on_device Yes→Unknown under README §7 v1.1 (2026-10-03), README §7.3 on_device (never inferred from static analysis). Requires full-text verification."
P006,Smart at what cost?: Characterising Mobile Deep Neural Networks in the Wild,Mario Almeida; Stefanos Laskaridis; Abhinav Mehrotra; Lukasz Dudziak; Ilias Leontiadis; Nicholas D. Lane,2021,Proceedings of the 21st ACM Internet Measurement Conference,10.1145/3487552.3487863,https://doi.org/10.1145/3487552.3487863,Smartphone / Mobile AI,Measurement of DNN deployment and performance across smartphones,Over 16k popular Google Play apps,DNNs extracted from apps,Smartphones across tiers and generations,Yes,Yes,Yes,Unknown,Unknown,Unknown,Yes,Unknown,Unknown,Unknown,Unknown,Unknown,Unknown,,,,,[Verified; source: full abstract via Semantic Scholar (arXiv 2109.13963); OpenAlex abstract is truncated] On-device DNN performance measured across device tiers. -> Abstract analyses over 16k apps and measures how their DNNs run on devices of different capabilities across tiers and generations. | Energy measured. -> Abstract states the models' energy footprint is measured; the gaugeNN tool automates deployment and measurement. | [latency_evaluation] Recoded Unknown -> abstract characterises DNN performance across device tiers but states no timing measure (abstract) | [edge_device] Follows from on-device inference on resource-constrained mobile hardware -> smartphone = Yes and on_device = Yes (DNNs measured on smartphones) (abstract),"Search group G1. Abstract-level extraction (2026-10-01). Title on Crossref: 'Smart at what cost?'; full title includes 'Characterising Mobile Deep Neural Networks in the wild'. Paper type: measurement study. Recoded latency_evaluation Yes→Unknown under README §7 v1.1 (2026-10-03), Decision 3 (qualitative speed claims). Requires full-text verification. Recoded edge_device Unknown→Yes under README §7 v1.1 (2026-10-03), README §7.5 consistency. Alternative identifier: arXiv 2109.13963 (same work)."
P007,Pothole Detection Using Deep Learning: A Real‐Time and AI‐on‐the‐Edge Perspective,Muhammad Haroon Asad; Saran Khaliq; Muhammad Haroon Yousaf; Muhammad Obaid Ullah; Afaq Ahmad,2022,Advances in Civil Engineering,10.1155/2022/9221211,https://doi.org/10.1155/2022/9221211,Edge AI / Embedded vision,Real-time pothole detection on an edge AI device,Pothole image dataset (diverse road and illumination conditions) plus real-time vehicle video,"YOLOv1-v5, Tiny-YOLOv4, SSD-MobileNetV2",OAK-D AI kit on Raspberry Pi,No,Yes,Yes,Unknown,Unknown,Unknown,Unknown,Unknown,Unknown,Unknown,Unknown,Unknown,Yes,"mAP: Tiny-YOLOv4 80.04%, YOLOv4 85.48%, YOLOv5 95% (image set); Tiny-YOLOv4 90% detection accuracy on OAK-D",Tiny-YOLOv4 31.76 FPS on OAK-D,,,[Verified; source: abstract via OpenAlex/Crossref abstract] Edge deployment on low-cost hardware. -> Abstract deploys detectors on OAK-D attached to a Raspberry Pi as the edge platform. | Latency/FPS reported. -> Abstract reports Tiny-YOLOv4 at 90% detection accuracy and 31.76 FPS. | [latency_evaluation] latency type: throughput/FPS -> abstract reports Tiny-YOLOv4 at 31.76 FPS on OAK-D (abstract),"Search group G1. Abstract-level extraction (2026-10-01). smartphone=No because the abstract explicitly specifies OAK-D + Raspberry Pi hardware. Paper type: system/method. Search-group reconciliation: thematic assignment G1 (on-device edge AI); retrieved by the G4 query ""thermal-aware edge AI"" (search_log.md batch 1a)."
P008,Segmentation-based deep-learning approach for surface-defect detection,Domen Tabernik; Samo Šela; Jure Skvarč; Danijel Skočaj,2019,Journal of Intelligent Manufacturing,10.1007/s10845-019-01476-x,https://doi.org/10.1007/s10845-019-01476-x,Industrial Visual Inspection,Surface-crack detection and segmentation for quality control,Newly created real-world quality-control dataset (publicly released),Segmentation-based deep learning architecture,Unknown,Unknown,Unknown,Unknown,Unknown,Unknown,Unknown,Unknown,Unknown,Unknown,Unknown,Unknown,Unknown,Unknown,,,,,[Verified; source: abstract via Semantic Scholar] Learns from few defective samples. -> Abstract reports learning from roughly 25-30 defective training samples. | Dataset released. -> Abstract states the dataset is based on a real quality-control case and made publicly available.,Search group G2. Abstract-level extraction (2026-10-01). Abstract mentions experiments on required computational cost but gives no device or latency figures. Paper type: system/method.
P009,MVTec AD — A Comprehensive Real-World Dataset for Unsupervised Anomaly Detection,Paul Bergmann; Michael Fauser; David Sattlegger; Carsten Steger,2019,2019 IEEE/CVF Conference on Computer Vision and Pattern Recognition (CVPR),10.1109/cvpr.2019.00982,https://doi.org/10.1109/cvpr.2019.00982,Industrial Visual Inspection,Unsupervised anomaly detection benchmark dataset,"MVTec AD (5,354 high-resolution images; >70 defect types; pixel-level ground truth)","Benchmarked: convolutional autoencoders, GANs, pretrained-CNN feature descriptors, classical methods",Unknown,Unknown,Unknown,Unknown,Unknown,Unknown,Unknown,Unknown,Unknown,Unknown,Unknown,Unknown,Yes,Unknown,,,,,[Verified; source: abstract via OpenAlex/Crossref abstract] Unsupervised anomaly detection dataset. -> Abstract introduces MVTec AD with defect-free training images and anomalous test images with pixel-precise ground truth. | Benchmark of methods. -> Abstract evaluates deep and classical unsupervised anomaly detection methods.,Search group G2. Abstract-level extraction (2026-10-01). Paper type: dataset/benchmark.
P010,Deep Learning for Automated Visual Inspection in Manufacturing and Maintenance: A Survey of Open- Access Papers,Nils Hütten; Miguel Alves Gomes; Florian Hölken; Karlo Andricevic; Richard Meyes; Tobias Meisen,2024,Applied System Innovation,10.3390/asi7010011,https://doi.org/10.3390/asi7010011,Industrial Visual Inspection,Survey of deep learning for automated visual inspection in manufacturing and maintenance,196 open-access publications,Survey (CNNs dominant; vision transformers emerging),Unknown,No,No,No,No,No,No,No,No,No,No,No,No,No,,,,,"[Verified; source: abstract via OpenAlex/Crossref abstract] Survey scope. -> Abstract surveys 196 open-access publications (31.7% manufacturing, 68.3% maintenance use cases). | Reported findings. -> Abstract reports 97% use supervised learning, median dataset size 2,500 samples, and an approximately three-year lag between CV research and industrial inspection uptake. | [all characteristic fields] Paper is a survey/review -> abstract describes a survey/review of other work and reports no original system evaluation; all characteristic fields coded No (abstract)","Search group G2. Abstract-level extraction (2026-10-01). Survey; device-related fields not applicable at abstract level. Paper type: survey/review. Survey topics: deep-learning-based automated visual inspection in manufacturing and maintenance (196 open-access papers). All 13 characteristic fields coded No under README §7 v1.1 (2026-10-03), Decision 1 (surveys); topics are not coded as characteristics."
P011,XEdgeAI: A human-centered industrial inspection framework with data-centric Explainable Edge AI approach,Hung Truong Thanh Nguyen; Loc Phuc Truong Nguyen; Hung Cao,2025,Information Fusion,10.1016/j.inffus.2024.102782,https://doi.org/10.1016/j.inffus.2024.102782,Industrial Visual Inspection / Edge AI,Explainable visual quality inspection with semantic segmentation on low-resource edge devices,Unknown,Semantic segmentation model + XAI + Large Vision Language Model explanations,Low-resource edge / mobile devices (models not stated in abstract),Unknown,Yes,Yes,Unknown,Unknown,Unknown,Unknown,Unknown,Unknown,Unknown,Unknown,Unknown,Unknown,,,,,"[Verified; source: abstract via OpenAlex/Crossref abstract] Edge deployment. -> Abstract targets deployment of semantic segmentation models on low-resource edge devices. | Mobile deployment reported. -> Abstract states the enhanced model is deployed on mobile devices, with competitive accuracy and significantly reduced model size.","Search group G2. Abstract-level extraction (2026-10-01). 'Mobile devices' in abstract; smartphone use not explicitly confirmed, so smartphone=Unknown. Crossref issued year 2025; OpenAlex lists 2024 (online ahead of print). Paper type: system/method."
P012,Real-Time Defect Detection Model in Industrial Environment Based on Lightweight Deep Learning Network,Jiaqi Lu; Soo-Hong Lee,2023,Electronics,10.3390/electronics12214388,https://doi.org/10.3390/electronics12214388,Industrial Visual Inspection,Lightweight real-time industrial surface defect detection,Four public datasets (names not in abstract),"Lightweight detector: attention backbone, multiscale aggregation, residual and attention enhancement networks",Unknown,Unknown,Unknown,Unknown,Unknown,Unknown,Unknown,Unknown,Unknown,Unknown,Unknown,Unknown,Unknown,Unknown,"Outperforms YOLOv5n and YOLOv8n on P, R, F1, mAP@.5 and GFLOPS (values not in abstract)",,,,"[Verified; source: abstract via OpenAlex/Crossref abstract] Lightweight design motivated by GPU-less/edge deployment. -> Abstract motivates a lightweight network because general detectors are hard to deploy on devices without GPUs or on edge and mobile devices. | Compared with YOLO nano models. -> Abstract reports better P, R, F1, mAP@.5 and GFLOPS than YOLOv5n and YOLOv8n on four public datasets.","Search group G2. Abstract-level extraction (2026-10-01). Edge/mobile deployment is a motivation; no on-device evaluation is stated in the abstract, so edge_device and on_device stay Unknown. Paper type: system/method."
P013,Predictive model-based quality inspection using Machine Learning and Edge Cloud Computing,Jacqueline Schmitt; Jochen Bönig; Thorbjörn Borggräfe; Gunter Beitinger; Jochen Deuse,2020,Advanced Engineering Informatics,10.1016/j.aei.2020.101101,https://doi.org/10.1016/j.aei.2020.101101,Industrial Quality Inspection / Edge-Cloud,Predictive model-based quality inspection in SMT manufacturing,"Custom: five production months of SPI and X-ray records for one connector PCB variant, Siemens Amberg; 1,461,037,321 data points (~0.0008% not OK); seven numeric SPI features (height, shape 2D, shape 3D, surface, volume, offset X, offset Y) with binary X-ray label",Gradient Boosted Tree (selected); Decision Tree; Naive Bayes; Logistic Regression; SVM,Inference: edge industrial PC with Intel Celeron N2930 at the SMT line; Training: company-owned Spark cluster (up to 24 workstations); Storage: AWS S3,No,Yes,Yes,No,No,No,No,No,No,No,Unknown,No,No,,"Scoring time per 1,000 rows (hardware not stated): DT 6 ms, NB 9 ms, LR 27 ms, GBT 40 ms, SVM 360 ms; current test sets processed in under 1 min on the Intel Celeron N2930 edge PC; edge-cloud link 2-150 ms latency, 10 MB per 14 s (about 1 Mbit/s per line)","Deployment limited to one product variant, one manufacturing line and the SPI and X-ray data sources",,"[Verified; source: abstract via OpenAlex/Crossref abstract] Edge cloud computing used. -> Abstract investigates predictive model-based quality inspection using ML and Edge Cloud Computing in the existing plant IT infrastructure. | Outcome. -> Abstract reports inspection volumes can be reduced significantly. | [edge_device, cloud] Recoded Unknown -> abstract mentions Edge Cloud Computing in the existing plant IT infrastructure without identifying the inference hardware or remote cloud processing (abstract) | [Full-text evidence; source: UTS OPUS repository copy of the publisher PDF, version of record; read 2026-10-03; Step 9.2 commit 86a087b] [smartphone] No -> Step 9.2 Confirmed full-text evidence: The edge device is an industrial PC; no smartphone role. (§4.2, p. 7) | [edge_device] Yes -> Decision A (approved): industrial PC performing inference locally at the production line is an edge device; GBT runs on Intel Celeron N2930 PC at the SMT line (§4.2, p. 7) | [on_device] Yes -> Decision A (approved): inference runs locally on the industrial PC at the production site; Spark/AWS are training/storage only (§4.2, p. 7) | [cloud] No -> Step 9.2 Confirmed full-text evidence: Training on a company-owned Spark cluster, storage in AWS S3; ""trained ... in the cloud and deployed on local edge devices"" (§5). Inference runs on the edge PC. Cloud used only for training and storage (does not qualif... (§4.2, p. 7; §5, p. 8) | [adaptive_inference] No -> Step 9.2 Confirmed full-text evidence: Static GBT model. ""Dynamic"" inspection refers to routing panels around X-ray, not to inference. (§3.3, p. 5; §4.2, pp. 6-7) | [resource_awareness] No -> Step 9.4 decision (approved): GBT chosen partly for faster scoring is model selection/efficiency, not a runtime resource-driven decision under README §7.3 (§3.2, p. 4; §3.4, p. 5; §4.1, p. 6) | [energy_evaluation] No -> Step 9.2 Confirmed full-text evidence: Energy constraints are listed as a general deployment challenge; nothing is measured. (§3.4, p. 5) | [thermal_evaluation] No -> Step 9.2 Confirmed full-text evidence: No thermal measurement. (full text read; no occurrence) | [multi_view] No -> Step 9.2 Confirmed full-text evidence: Inputs are seven numeric SPI features per solder joint, not images. (§4, Table 2, p. 6) | [uncertainty] No -> Step 9.2 Confirmed full-text evidence: No uncertainty estimation. (full text read; no occurrence) | [anomaly_detection] No -> Step 9.2 Confirmed full-text evidence: Supervised classifiers trained on X-ray labels. (§3.2, p. 4; §4.1, p. 6) | [latency_evaluation] No -> Step 9.4 decision (approved): 'test sets processed in under one minute' is an upper-bound test-set statement, not per-inference/end-to-end latency, FPS or throughput; Table 3 scoring times have no stated hardware (§4.1, Table 3, pp. 6-7; §4.2, p. 7) | [dataset] full-text value -> as reported (§4, Table 2, p. 6) | [model] full-text value -> as reported (§4.1, p. 6) | [hardware] full-text value -> as reported (§4.2, p. 7) | [efficiency_metrics] full-text value -> as reported (Table 3, p. 7; §4.2, p. 7) | [limitations] full-text value -> stated by the authors (§4.3, p. 7)","Search group G2. Abstract-level extraction (2026-10-01). Abstract does not state that the approach is image-based; it may rely on process data. Treat as system-level context, not a CV baseline. Paper type: system/method. Recoded edge_device Yes→Unknown under README §7 v1.1 (2026-10-03), README §7.3 edge_device (edge infrastructure excluded). Requires full-text verification. Recoded cloud Yes→Unknown under README §7 v1.1 (2026-10-03), README §7.3 cloud (ambiguous edge cloud). Requires full-text verification. Relevance (audit class D) is not resolved here; full-text check still pending. Full-text extraction (2026-10-03; Step 9.4 controlled recoding from Step 9.2 evidence, source: UTS OPUS repository copy of the publisher PDF, version of record). Recoded smartphone Unknown→No under README §7 v1.1 (2026-10-03), README §7.3 smartphone; full-text evidence (§4.2, p. 7). Recoded edge_device Unknown→Yes under README §7 v1.1 (2026-10-03), README §7.3 edge_device; full-text evidence (§4.2, p. 7). Recoded on_device Unknown→Yes under README §7 v1.1 (2026-10-03), README §7.3 on_device; full-text evidence (§4.2, p. 7). Recoded cloud Unknown→No under README §7 v1.1 (2026-10-03), README §7.3 cloud; full-text evidence (§4.2, p. 7; §5, p. 8). Recoded adaptive_inference Unknown→No under README §7 v1.1 (2026-10-03), README §7.3 adaptive_inference; full-text evidence (§3.3, p. 5; §4.2, pp. 6-7). Recoded resource_awareness Unknown→No under README §7 v1.1 (2026-10-03), README §7.3 resource_awareness; full-text evidence (§3.2, p. 4; §3.4, p. 5; §4.1, p. 6). Recoded energy_evaluation Unknown→No under README §7 v1.1 (2026-10-03), README §7.3 energy_evaluation; full-text evidence (§3.4, p. 5). Recoded thermal_evaluation Unknown→No under README §7 v1.1 (2026-10-03), README §7.3 thermal_evaluation; full-text evidence (full text read; no occurrence). Recoded multi_view Unknown→No under README §7 v1.1 (2026-10-03), README §7.3 multi_view; full-text evidence (§4, Table 2, p. 6). Recoded uncertainty Unknown→No under README §7 v1.1 (2026-10-03), README §7.3 uncertainty; full-text evidence (full text read; no occurrence). Recoded anomaly_detection Unknown→No under README §7 v1.1 (2026-10-03), README §7.3 anomaly_detection; full-text evidence (§3.2, p. 4; §4.1, p. 6). Recoded latency_evaluation Unknown→No under README §7 v1.1 (2026-10-03), README §7.3 latency_evaluation; full-text evidence (§4.1, Table 3, pp. 6-7; §4.2, p. 7). Accuracy figures require visual table verification before canonical metadata update (Tables 4-5); accuracy_metrics left blank. Relevance: full text shows the model uses seven numeric SPI measurements to predict X-ray results, with local inference on an Intel Celeron N2930 industrial PC (AWS/Spark for training/storage only); not image-based visual inspection. Proposed audit class D requires reassessment (class unchanged, Step 9.4)."
P014,A Real-Time Automated Defect Detection System for Ceramic Pieces Manufacturing Process Based on Computer Vision with Deep Learning,Esteban Cumbajin; Nuno Rodrigues; Paulo Costa; Rolando Miragaia; Luís Frazão; Nuno Costa; Antonio Fernández-Caballero; Jorge Carneiro; Leire H. Buruberri; António Pereira,2023,Sensors,10.3390/s24010232,https://doi.org/10.3390/s24010232,Industrial Visual Inspection,Real-time defect detection on ceramic pieces in production,Images from in-house acquisition and labelling platform,CNN-based classifier,Unknown,Unknown,Unknown,Unknown,Unknown,Unknown,Unknown,Unknown,Unknown,Unknown,Unknown,Unknown,Unknown,Unknown,"Accuracy 98.00%, F1 97.29%",,,,[Verified; source: abstract via OpenAlex/Crossref abstract] Industrial deployment. -> Abstract describes a CNN-based system that runs in real time and was implemented and evaluated at a Portuguese tableware manufacturer. | Metrics. -> Abstract reports 98.00% accuracy and 97.29% F1-score.,Search group G2. Abstract-level extraction (2026-10-01). Real-time claim without latency figure in abstract. Paper type: system/method.
P015,Generalisable 3D printing error detection and correction via multi-head neural networks,Douglas A. J. Brion; Sebastian W. Pattinson,2022,Nature Communications,10.1038/s41467-022-31985-y,https://doi.org/10.1038/s41467-022-31985-y,3D-Print Inspection,Real-time error detection and correction in material extrusion 3D printing,"CAXTON: 1,272,273 images from 192 prints on eight Creality CR-20 Pro printers (PLA); 946,283 after cleaning; labelled with printing parameters (81 class combinations)","Multi-head residual attention network (Attention-56-based shared backbone, four heads) with mode-threshold feedback control loop","Inference: local server workstation (2x NVIDIA Quadro RTX 5000, i9-9900K); Training: same workstation; Acquisition: Logitech C270 webcam per printer (Raspberry Pi Camera v1 on the direct-ink-writing setup); Gateway: Raspberry Pi 4 Model B",No,No,No,No,No,No,No,No,No,No,Unknown,No,Unknown,"Test accuracy 84.3% overall; flow rate 87.1%, lateral speed 86.4%, Z offset 85.5%, hotend temperature 78.3%; flow-rate accuracy 82.1% multi-head vs 77.5% single-head (ResNet18, 50 epochs)",,"Weak on small Z-offset changes and affected by dataset bias; correction oscillations possible; mechanical/electrical failures and large errors (cracking, warping, detachment) not solved; local nozzle view only",,"[Verified; source: abstract via OpenAlex/Crossref abstract] Large automatically labelled dataset. -> Abstract reports 1.2 million images from 192 parts labelled by deviation from optimal printing parameters. | Real-time detection and correction. -> Abstract states the network plus control loop enables real-time detection and rapid correction across geometries, materials, printers and toolpaths. | [Full-text evidence; source: PubMed Central PMC9378646, publisher version of record; read 2026-10-03; Step 9.2 commit 86a087b] [smartphone] No -> Step 9.2 Confirmed full-text evidence: Logitech C270 USB webcams on Raspberry Pi 4 gateways; a Raspberry Pi Camera v1 on the direct-ink-writing printer. No phone. (Methods - CAXTON system) | [edge_device] No -> Step 9.2 Confirmed full-text evidence: Images are sent to a local server for inference. The final models were trained on a workstation with two Quadro RTX 5000 GPUs, and ""this setup was also used for the online correction"". The Raspberry Pi only relays G-co... (Online correction and parameter discovery pipeline; Computing and software requirements) | [on_device] No -> Step 9.2 Confirmed full-text evidence: Inference runs on the local server, not on the capture device. (Same as edge_device) | [cloud] No -> Step 9.2 Confirmed full-text evidence: Local server; an HPC cluster was used only for prototyping/training. No remote cloud processing. (Online correction pipeline; Computing and software requirements) | [adaptive_inference] No -> Step 9.2 Confirmed full-text evidence: Fixed network. The feedback loop adjusts printing parameters, which README §7.3 treats as process adaptation, not inference adaptation. (Online correction and parameter discovery pipeline) | [resource_awareness] No -> Step 9.2 Confirmed full-text evidence: No resource-driven decision. The crop size is tuned for accuracy versus response time at setup, not at runtime. (full text read; no occurrence) | [energy_evaluation] No -> Step 9.2 Confirmed full-text evidence: No energy or power result. (full text read; no occurrence) | [thermal_evaluation] No -> Step 9.2 Confirmed full-text evidence: Hotend temperature is a corrected printing parameter, not a device thermal measurement. (full text read; no occurrence) | [multi_view] No -> Step 9.2 Confirmed full-text evidence: One nozzle-facing camera per printer. Different camera positions occur only across different setups (generalisation tests), not as joint views of one object. Adding a global camera is future work. (Methods - CAXTON system; Discussion) | [uncertainty] No -> Step 9.2 Confirmed full-text evidence: No uncertainty estimation. (full text read; no occurrence) | [anomaly_detection] No -> Step 9.2 Confirmed full-text evidence: Supervised three-class labels (low/good/high) per parameter, derived automatically from known printer settings. (Results - Dataset generation; Model architecture) | [dataset] full-text value -> as reported (Results - Dataset generation, filtering and augmentation; Methods - Training procedure) | [model] full-text value -> as reported (Results - Model architecture) | [hardware] full-text value -> as reported (Methods - CAXTON system; Computing and software requirements) | [accuracy_metrics] full-text value -> as reported (Results - Model architecture, training and performance; Methods - Training procedure) | [limitations] full-text value -> stated by the authors (Discussion)","Search group G3. Abstract-level extraction (2026-10-01). Paper type: system/method. Full-text extraction (2026-10-03; Step 9.4 controlled recoding from Step 9.2 evidence, source: PubMed Central PMC9378646, publisher version of record). Recoded smartphone Unknown→No under README §7 v1.1 (2026-10-03), README §7.3 smartphone; full-text evidence (Methods - CAXTON system). Recoded edge_device Unknown→No under README §7 v1.1 (2026-10-03), README §7.3 edge_device; full-text evidence (Online correction and parameter discovery pipeline; Computing and software requirements). Recoded on_device Unknown→No under README §7 v1.1 (2026-10-03), README §7.3 on_device; full-text evidence (Same as edge_device). Recoded cloud Unknown→No under README §7 v1.1 (2026-10-03), README §7.3 cloud; full-text evidence (Online correction pipeline; Computing and software requirements). Recoded adaptive_inference Unknown→No under README §7 v1.1 (2026-10-03), README §7.3 adaptive_inference; full-text evidence (Online correction and parameter discovery pipeline). Recoded resource_awareness Unknown→No under README §7 v1.1 (2026-10-03), README §7.3 resource_awareness; full-text evidence (full text read; no occurrence). Recoded energy_evaluation Unknown→No under README §7 v1.1 (2026-10-03), README §7.3 energy_evaluation; full-text evidence (full text read; no occurrence). Recoded thermal_evaluation Unknown→No under README §7 v1.1 (2026-10-03), README §7.3 thermal_evaluation; full-text evidence (full text read; no occurrence). Recoded multi_view Unknown→No under README §7 v1.1 (2026-10-03), README §7.3 multi_view; full-text evidence (Methods - CAXTON system; Discussion). Recoded uncertainty Unknown→No under README §7 v1.1 (2026-10-03), README §7.3 uncertainty; full-text evidence (full text read; no occurrence). Recoded anomaly_detection Unknown→No under README §7 v1.1 (2026-10-03), README §7.3 anomaly_detection; full-text evidence (Results - Dataset generation; Model architecture)."
P016,Real-Time 3D Printing Remote Defect Detection (Stringing) with Computer Vision and Artificial Intelligence,Konstantinos Paraskevoudis; Panagiotis Karayannis; Elias P. Koumoulos,2020,Processes,10.3390/pr8111464,https://doi.org/10.3390/pr8111464,3D-Print Inspection,Real-time stringing defect detection during FFF printing from camera video,"Custom: 500 images of a stringing test object (Prusa i3 MK3S), augmented to 2,500; PASCAL VOC annotations",SSD-300 with VGG16 base network (TensorFlow Object Detection API),Inference: Raspberry Pi 4 with connected camera; Training: NVIDIA Tesla K80,No,Yes,Yes,No,No,No,No,No,No,No,Yes,No,Yes,"Test: precision 0.44 / recall 0.69 at IoU 0.4 (F1 0.55); 0.41 / 0.63 at IoU 0.5; 0.40 / 0.62 at IoU 0.6; average precision 0.52 / 0.44 / 0.40 at IoU 0.4 / 0.5 / 0.6; training data: precision 0.75, recall 0.92 (F1 0.82)",14 FPS on live video; same FPS on Raspberry Pi 4,"Poor generalisation to external web images; case-specific training data (few shapes, one printer); 500 images considered insufficient",,"[Verified; source: abstract via OpenAlex/Crossref abstract] Video-based in-process detection. -> Abstract trains a deep CNN on stringing images and deploys it on a live video camera feed during printing. | [Full-text evidence; source: MDPI publisher PDF, version of record; read 2026-10-03; Step 9.2 commit 86a087b] [smartphone] No -> Step 9.2 Confirmed full-text evidence: Raspberry Pi 4 with a connected camera; no phone. (§3, p. 12) | [edge_device] Yes -> Step 9.2 Confirmed full-text evidence: The model was deployed by running it on a Raspberry Pi 4 ""with a connected camera"" in front of the print bed. (§3, p. 12) | [on_device] Yes -> Step 9.2 Confirmed full-text evidence: Inference runs on the Raspberry Pi 4 to which the camera is attached. (§3, p. 12) | [cloud] No -> Step 9.2 Confirmed full-text evidence: Training on an NVIDIA Tesla K80; live inference on the Pi. No cloud processing. (§2.2, p. 8; §3, p. 12) | [adaptive_inference] No -> Step 9.2 Confirmed full-text evidence: Fixed SSD-300 model. (full text read; no occurrence) | [resource_awareness] No -> Step 9.2 Confirmed full-text evidence: SSD-300 chosen over SSD-512 for its published FPS and low input resolution: a design-time choice, not a resource-driven decision. (§2.2, p. 7) | [energy_evaluation] No -> Step 9.2 Confirmed full-text evidence: No energy or power result. (full text read; no occurrence) | [thermal_evaluation] No -> Step 9.2 Confirmed full-text evidence: No thermal measurement. (full text read; no occurrence) | [multi_view] No -> Step 9.2 Confirmed full-text evidence: A single camera. Multiple camera angles appear only in related work, where the authors note they add complexity. (§3, p. 12; §1.2, p. 3) | [uncertainty] No -> Step 9.2 Confirmed full-text evidence: Probability scores are used for precision-recall ranking and for gating; no uncertainty estimation or calibration. (§2.3, p. 10; §3) | [confidence_gating] Yes -> Step 9.2 Confirmed full-text evidence: A wrapper algorithm checks each frame: if a predicted defect's probability score is ""greater than a predefined value"", the user is notified whether to stop the print (human referral). (§3, pp. 12-13; §4, p. 13) | [anomaly_detection] No -> Step 9.2 Confirmed full-text evidence: Supervised SSD trained on 500 manually annotated stringing images. (§2.1-2.2, p. 7) | [latency_evaluation] Yes -> Step 9.2 Confirmed full-text evidence: latency type: throughput/FPS. The setup ran at 14 FPS on live video, and the model ran at the same FPS on the Raspberry Pi 4. The 59 FPS in §4 is the published SSD-300 benchmark (§2.2), not the authors' measurement. (§3, p. 12; §2.2, p. 7) | [dataset] full-text value -> as reported (§2.1, p. 7) | [model] full-text value -> as reported (§2.2, pp. 7-8) | [hardware] full-text value -> as reported (§2.2, p. 8; §3, p. 12) | [accuracy_metrics] full-text value -> as reported (§3, pp. 11-12) | [efficiency_metrics] full-text value -> as reported (§3, p. 12) | [limitations] full-text value -> stated by the authors (§3, pp. 11-12)","Search group G3. Abstract-level extraction (2026-10-01). Hardware described only generically; edge_device left Unknown. Paper type: system/method. Full-text extraction (2026-10-03; Step 9.4 controlled recoding from Step 9.2 evidence, source: MDPI publisher PDF, version of record). Recoded smartphone Unknown→No under README §7 v1.1 (2026-10-03), README §7.3 smartphone; full-text evidence (§3, p. 12). Recoded edge_device Unknown→Yes under README §7 v1.1 (2026-10-03), README §7.3 edge_device; full-text evidence (§3, p. 12). Recoded on_device Unknown→Yes under README §7 v1.1 (2026-10-03), README §7.3 on_device; full-text evidence (§3, p. 12). Recoded cloud Unknown→No under README §7 v1.1 (2026-10-03), README §7.3 cloud; full-text evidence (§2.2, p. 8; §3, p. 12). Recoded adaptive_inference Unknown→No under README §7 v1.1 (2026-10-03), README §7.3 adaptive_inference; full-text evidence (full text read; no occurrence). Recoded resource_awareness Unknown→No under README §7 v1.1 (2026-10-03), README §7.3 resource_awareness; full-text evidence (§2.2, p. 7). Recoded energy_evaluation Unknown→No under README §7 v1.1 (2026-10-03), README §7.3 energy_evaluation; full-text evidence (full text read; no occurrence). Recoded thermal_evaluation Unknown→No under README §7 v1.1 (2026-10-03), README §7.3 thermal_evaluation; full-text evidence (full text read; no occurrence). Recoded multi_view Unknown→No under README §7 v1.1 (2026-10-03), README §7.3 multi_view; full-text evidence (§3, p. 12; §1.2, p. 3). Recoded uncertainty Unknown→No under README §7 v1.1 (2026-10-03), README §7.3 uncertainty; full-text evidence (§2.3, p. 10; §3). Recoded confidence_gating Unknown→Yes under README §7 v1.1 (2026-10-03), README §7.3 confidence_gating; full-text evidence (§3, pp. 12-13; §4, p. 13). Recoded anomaly_detection Unknown→No under README §7 v1.1 (2026-10-03), README §7.3 anomaly_detection; full-text evidence (§2.1-2.2, p. 7). Recoded latency_evaluation Unknown→Yes under README §7 v1.1 (2026-10-03), README §7.3 latency_evaluation; full-text evidence (§3, p. 12; §2.2, p. 7)."
P017,Automated Process Monitoring in 3D Printing Using Supervised Machine Learning,Ugandhar Delli; Shing Chang,2018,Procedia Manufacturing,10.1016/j.promfg.2018.07.111,https://doi.org/10.1016/j.promfg.2018.07.111,3D-Print Inspection,Good/defective classification of semi-finished 3D printed parts,ABS and PLA printed parts imaged at critical print stages,Support vector machine,Camera integrated with printer,Unknown,Unknown,Unknown,Unknown,Unknown,Unknown,Unknown,Unknown,Unknown,Unknown,Unknown,Unknown,Unknown,,,,,[Verified; source: abstract via OpenAlex/Crossref abstract] Camera images at multiple print stages. -> Abstract takes images of semi-finished parts at several critical stages and classifies them with an SVM as good or defective.,"Search group G3. Abstract-level extraction (2026-10-01). Images are taken at different print stages (temporal), not from multiple viewpoints; multi_view left Unknown. Paper type: system/method."
P018,Real-time defect detection for FFF 3D printing using lightweight model deployment,WenJing Hu; Chang Chen; Shaohui Su; Jian Zhang; An Zhu,2024,The International Journal of Advanced Manufacturing Technology,10.1007/s00170-024-14452-4,https://doi.org/10.1007/s00170-024-14452-4,3D-Print Inspection,Real-time detection of five common FFF printing defects,Deliberately designed defect dataset (five defect types),Improved YOLOv8 with lightweight group-convolution detection head,Unknown,Unknown,Unknown,Unknown,Unknown,Unknown,Unknown,Unknown,Unknown,Unknown,Unknown,Unknown,Unknown,Yes,mAP50 97.5%,FPS +18.1%; GFLOPs -32.9% vs baseline YOLOv8,,,"[Verified; source: abstract via Springer landing page] Lightweight detector for FFF defects. -> Abstract reports an improved YOLOv8 head using group convolution, reaching 97.5% mAP50 with 18.1% higher FPS and 32.9% fewer GFLOPs. | Real-time system. -> Abstract states the model is integrated into a real-time detection system that alerts on defects. | [latency_evaluation] latency type: throughput/FPS -> abstract reports an 18.1% FPS increase over baseline YOLOv8 (abstract)",Search group G3. Abstract-level extraction (2026-10-01). Abstract retrieved from the Springer landing page. Paper type: system/method.
P019,Real-time defect detection in 3D printing using machine learning,Mohammad Farhan Khan; Aftaab Alam; Mohammad Ateeb Siddiqui; Mohammad Saad Alam; Yasser Rafat; Nehal Salik; Ibrahim Al-Saidan,2021,Materials Today: Proceedings,10.1016/j.matpr.2020.10.482,https://doi.org/10.1016/j.matpr.2020.10.482,3D-Print Inspection,Real-time detection of infill defects in 3D printing,Unknown,CNN image classifier,Camera integrated with 3D printer,Unknown,Unknown,Unknown,Unknown,Unknown,Unknown,Unknown,Unknown,Unknown,Unknown,Unknown,Unknown,Unknown,,,,,[Verified; source: abstract via Semantic Scholar] Camera images classified by CNN. -> Abstract captures images at regular intervals with a printer-integrated camera and classifies infill anomalies with a CNN.,Search group G3. Abstract-level extraction (2026-10-01). Crossref issued year 2021; OpenAlex lists 2020. Paper type: system/method.
P020,Enhancing Surface Fault Detection Using Machine Learning for 3D Printed Products,Vaibhav Kadam; Satish Kumar; Arunkumar Bongale; Seema Wazarkar; Pooja Kamat; Shruti Patil,2021,Applied System Innovation,10.3390/asi4020034,https://doi.org/10.3390/asi4020034,3D-Print Inspection,Layer-wise fault detection in FDM printing,"Custom: 1,700 layer images (good/bad, labelled by eye) of a 25 x 25 x 5 mm PLA cube on a Dreamer FDM printer; 4-5 images per layer; density, temperature and printing-speed variants","Pre-trained CNN features (AlexNet, GoogLeNet, ResNet18, ResNet50, EfficientNet-b0) + SVM, KNN, Random Forest, Decision Tree, Naive Bayes; majority-vote ensemble; AlexNet + SVM used for real-time monitoring",Acquisition: 8 MP Raspberry Pi camera beside the nozzle; Processing: Raspberry Pi 4B (role in inference not stated); Training/testing: MATLAB (machine not stated),No,Unknown,Unknown,No,No,No,No,No,No,No,No,No,Unknown,"AlexNet+SVM 99.70%, EfficientNet-B0+SVM 99.70%, EfficientNet-B0+KNN 99.70%, AlexNet+KNN 99.40%, ResNet50+SVM 99.40%; ensemble: AlexNet 100%, ResNet18 99.40%, EfficientNet-B0 99.10%; density-wise: ResNet50 100%, AlexNet and EfficientNet-B0 99.22%",,,,"[Verified; source: abstract via OpenAlex/Crossref abstract] Layer-wise detection. -> Abstract performs layer-wise anomaly detection in FDM using pre-trained models combined with ML algorithms; AlexNet+SVM gave the highest accuracy. | [Full-text evidence; source: MDPI publisher PDF, version of record; read 2026-10-03; Step 9.2 commit 86a087b] [smartphone] No -> Step 9.2 Confirmed full-text evidence: 8 MP Raspberry Pi camera; phones appear only in the literature review (p. 3). (§3, p. 5; §4.1, p. 13) | [cloud] No -> Step 9.2 Confirmed full-text evidence: No cloud processing described. (full text read; no occurrence) | [adaptive_inference] No -> Step 9.2 Confirmed full-text evidence: Fixed feature extractor plus classifier. (full text read; no occurrence) | [resource_awareness] No -> Step 9.2 Confirmed full-text evidence: No resource-driven decision. (full text read; no occurrence) | [energy_evaluation] No -> Step 9.2 Confirmed full-text evidence: No energy or power result. (full text read; no occurrence) | [thermal_evaluation] No -> Step 9.2 Confirmed full-text evidence: Printing temperature is a process parameter, not a device thermal measurement. (Table 3, p. 14) | [multi_view] No -> Step 9.2 Confirmed full-text evidence: One camera mounted beside the nozzle; 4-5 images per layer captured on key press. The text does not say the viewpoints differ, and each image is classified on its own (no joint use). (§4.2, p. 13; §5.4, p. 17) | [uncertainty] No -> Step 9.2 Confirmed full-text evidence: No uncertainty estimation. (full text read; no occurrence) | [confidence_gating] No -> Step 9.2 Confirmed full-text evidence: The ensemble assigns Good if more than two of five classifiers vote Good. No downstream action is triggered by a confidence score. (§3.3, pp. 9-10) | [anomaly_detection] No -> Step 9.2 Confirmed full-text evidence: Despite the ""anomaly detection"" wording, layers are labelled good/bad manually by eye and classified with supervised models (README §7.3, CD-14). (§3.4, p. 10) | [dataset] full-text value -> as reported (§3.4, p. 10; §4.2, pp. 13-14) | [model] full-text value -> as reported (§3.2-3.3, pp. 6-10; §5.4, p. 17) | [hardware] full-text value -> as reported (§3, p. 5; §4.1, p. 13) | [accuracy_metrics] full-text value -> as reported (Tables 5-7, pp. 15-17)","Search group G3. Abstract-level extraction (2026-10-01). Abstract uses the term 'anomaly detection' but describes supervised classifiers; anomaly_detection left Unknown. Paper type: system/method. Full-text extraction (2026-10-03; Step 9.4 controlled recoding from Step 9.2 evidence, source: MDPI publisher PDF, version of record). Recoded smartphone Unknown→No under README §7 v1.1 (2026-10-03), README §7.3 smartphone; full-text evidence (§3, p. 5; §4.1, p. 13). Recoded cloud Unknown→No under README §7 v1.1 (2026-10-03), README §7.3 cloud; full-text evidence (full text read; no occurrence). Recoded adaptive_inference Unknown→No under README §7 v1.1 (2026-10-03), README §7.3 adaptive_inference; full-text evidence (full text read; no occurrence). Recoded resource_awareness Unknown→No under README §7 v1.1 (2026-10-03), README §7.3 resource_awareness; full-text evidence (full text read; no occurrence). Recoded energy_evaluation Unknown→No under README §7 v1.1 (2026-10-03), README §7.3 energy_evaluation; full-text evidence (full text read; no occurrence). Recoded thermal_evaluation Unknown→No under README §7 v1.1 (2026-10-03), README §7.3 thermal_evaluation; full-text evidence (Table 3, p. 14). Recoded multi_view Unknown→No under README §7 v1.1 (2026-10-03), README §7.3 multi_view; full-text evidence (§4.2, p. 13; §5.4, p. 17). Recoded uncertainty Unknown→No under README §7 v1.1 (2026-10-03), README §7.3 uncertainty; full-text evidence (full text read; no occurrence). Recoded confidence_gating Unknown→No under README §7 v1.1 (2026-10-03), README §7.3 confidence_gating; full-text evidence (§3.3, pp. 9-10). Recoded anomaly_detection Unknown→No under README §7 v1.1 (2026-10-03), README §7.3 anomaly_detection; full-text evidence (§3.4, p. 10)."
P021,Geometrical defect detection for additive manufacturing with machine learning models,Rui Li; Mingzhou Jin; Vincent C. Paquit,2021,Materials & Design,10.1016/j.matdes.2021.109726,https://doi.org/10.1016/j.matdes.2021.109726,3D-Print Inspection,Geometric defect detection of additively manufactured objects from 3D point clouds,Synthetic 3D point clouds with defects; experimental prints,"Bagging, Gradient Boosting, Random Forest, KNN, Linear SVM",Unknown,Unknown,Unknown,Unknown,Unknown,Unknown,Unknown,Unknown,Unknown,Unknown,Unknown,Unknown,Unknown,Unknown,,,,,[Verified; source: abstract via OpenAlex/Crossref abstract] Point-cloud based detection. -> Abstract trains ML models on synthetic defective point clouds and applies them to real prints; Bagging and Random Forest performed best.,"Search group G3. Abstract-level extraction (2026-10-01). Uses 3D point clouds, not RGB images. Paper type: system/method."
P022,Defect detection in 3D-printed polymer parts using deep learning models: a comparative investigation,Vivek V. Bhandarkar; Mohan Karnati; Puneet Tandon,2025,Rapid Prototyping Journal,10.1108/rpj-09-2024-0395,https://doi.org/10.1108/rpj-09-2024-0395,3D-Print Inspection,"Warping, stringing and cracking detection in 3D-printed PLA/ABS parts","Defect images from Taguchi L9 design (extruder temp, bed temp, print speed) on a Delta printer","DenseNet121, MobileNetV2, ResNet50, VGG16, XceptionNet (transfer learning)",Raspberry Pi-based data acquisition,Unknown,Unknown,Unknown,Unknown,Unknown,Unknown,Unknown,Unknown,Unknown,Unknown,Unknown,Unknown,Unknown,Warping 98.59% (DenseNet121); stringing 99.38% (MobileNetV2); cracking 99.32% (XceptionNet); multi-class 98.90% (MobileNetV2),,,,"[Verified; source: abstract via OpenAlex/Crossref abstract] Defect types and models. -> Abstract compares five transfer-learned CNNs for warping, stringing and cracking, individually and multi-class. | MobileNetV2 strongest for multi-class. -> Abstract reports MobileNetV2 achieved 98.90% accuracy for multiple-defect detection.","Search group G3. Abstract-level extraction (2026-10-01). Raspberry Pi is used for data acquisition; abstract does not say inference runs on it, so edge_device/on_device stay Unknown. Paper type: system/method."
P023,Autonomous in-situ correction of fused deposition modeling printers using computer vision and deep learning,Zeqing Jin; Zhizhou Zhang; Grace X. Gu,2019,Manufacturing Letters,10.1016/j.mfglet.2019.09.005,https://doi.org/10.1016/j.mfglet.2019.09.005,3D-Print Inspection,Real-time monitoring and autonomous correction of FDM extrusion errors,Unknown,Deep learning model with feedback loop,Unknown,Unknown,Unknown,Unknown,Unknown,Unknown,Unknown,Unknown,Unknown,Unknown,Unknown,Unknown,Unknown,Unknown,,,,,[Verified; source: abstract via Semantic Scholar] Closed-loop correction. -> Abstract describes a real-time monitoring and autonomous correction system that uses a deep learning model and feedback loop to adjust printing parameters.,"Search group G3. Abstract-level extraction (2026-10-01). Adaptation here is of printer parameters, not of the inference pipeline; adaptive_inference left Unknown. Paper type: system/method."
P024,"A review on machine learning in 3D printing: applications, potential, and challenges",G. D. Goh; S. L. Sing; W. Y. Yeong,2020,Artificial Intelligence Review,10.1007/s10462-020-09876-9,https://doi.org/10.1007/s10462-020-09876-9,3D-Print Inspection,Review of machine learning across the additive manufacturing workflow,Review,Review,Unknown,No,No,No,No,No,No,No,No,No,No,No,No,No,,,"Authors list computational cost, qualification standards and data acquisition techniques as open challenges (abstract).",Authors expect in-situ monitoring to benefit from ML object detection and call for shared-data standards (abstract).,"[Verified; source: abstract via Springer landing page] Review scope. -> Abstract reviews ML for design, material tuning, process optimisation, in-situ monitoring, cloud service and cybersecurity in AM. | Stated challenges. -> Abstract names computational cost, qualification standards and data acquisition as challenges and calls for data sharing standards. | [all characteristic fields] Paper is a survey/review -> abstract describes a survey/review of other work and reports no original system evaluation; all characteristic fields coded No (abstract)","Search group G3. Abstract-level extraction (2026-10-01). Abstract retrieved from the Springer landing page. Paper type: survey/review. Survey topics: machine learning across additive manufacturing (design, material tuning, process optimisation, in-situ monitoring, cloud service, cybersecurity). All 13 characteristic fields coded No under README §7 v1.1 (2026-10-03), Decision 1 (surveys); topics are not coded as characteristics."
P025,BranchyNet: Fast inference via early exiting from deep neural networks,Surat Teerapittayanon; Bradley McDanel; H.T. Kung,2016,2016 23rd International Conference on Pattern Recognition (ICPR),10.1109/icpr.2016.7900006,https://doi.org/10.1109/icpr.2016.7900006,Adaptive Inference,Early-exit deep networks for faster inference,"MNIST, CIFAR10","BranchyNet applied to LeNet, AlexNet, ResNet",Unknown,Unknown,Unknown,Unknown,Unknown,Yes,Unknown,Unknown,Unknown,Unknown,Unknown,Yes,Unknown,Unknown,,,,,[Verified; source: abstract via OpenAlex/Crossref abstract] Confidence-based early exit. -> Abstract adds side-branch classifiers so samples exit early when they can be inferred with high confidence. | Inference time reduced. -> Abstract reports improved accuracy and significantly reduced inference time. | [latency_evaluation] Recoded Unknown -> abstract claims significantly reduced inference time without a reported value (abstract) | [confidence_gating] Confidence triggers early exit -> abstract: samples exit the network early via side branches when they can already be inferred with high confidence (abstract),"Search group G4. Abstract-level extraction (2026-10-01). uncertainty=Yes because prediction confidence is explicitly used for the exit decision; this is not a calibrated uncertainty estimate. Pre-2019 foundational paper. Paper type: system/method. Recoded latency_evaluation Yes→Unknown under README §7 v1.1 (2026-10-03), Decision 3 (qualitative speed claims). Requires full-text verification. Recoded uncertainty Yes→Unknown under README §7 v1.1 (2026-10-03), Decision 5 (confidence gating is not uncertainty). Requires full-text verification. Recoded confidence_gating Unknown→Yes under README §7 v1.1 (2026-10-03), Decision 5 (confidence_gating). Earlier note on uncertainty=Yes is superseded by the confidence_gating field."
P026,Dynamic Neural Networks: A Survey,Yizeng Han; Gao Huang; Shiji Song; Le Yang; Honghui Wang; Yulin Wang,2022,IEEE Transactions on Pattern Analysis and Machine Intelligence,10.1109/tpami.2021.3117837,https://doi.org/10.1109/tpami.2021.3117837,Adaptive Inference,Survey of dynamic neural networks,Survey,"Sample-wise, spatial-wise and temporal-wise dynamic networks",Unknown,No,No,No,No,No,No,No,No,No,No,No,No,No,,,,,"[Verified; source: abstract via OpenAlex/Crossref abstract] Survey taxonomy. -> Abstract categorises dynamic networks into sample-wise, spatial-wise and temporal-wise models and reviews design, decision schemes and optimisation. | [all characteristic fields] Paper is a survey/review -> abstract describes a survey/review of other work and reports no original system evaluation; all characteristic fields coded No (abstract)","Search group G4. Abstract-level extraction (2026-10-01). Survey. Crossref issued year 2022; OpenAlex lists 2021 (early access). Paper type: survey/review. Survey topics: dynamic neural networks (sample-wise, spatial-wise, temporal-wise adaptive computation). All 13 characteristic fields coded No under README §7 v1.1 (2026-10-03), Decision 1 (surveys); topics are not coded as characteristics."
P027,Edge AI: On-Demand Accelerating Deep Neural Network Inference via Edge Computing,En Li; Liekang Zeng; Zhi Zhou; Xu Chen,2020,IEEE Transactions on Wireless Communications,10.1109/twc.2019.2946140,https://doi.org/10.1109/twc.2019.2946140,Adaptive Inference / Edge Computing,Device-edge collaborative DNN inference with partitioning and early exit,Unknown,Edgent (DNN partitioning + right-sizing via early exit),Raspberry Pi and desktop PC prototype,Unknown,Yes,No,Unknown,Yes,Yes,Unknown,Unknown,Unknown,Unknown,Unknown,Unknown,Unknown,,,,,"[Verified; source: abstract via OpenAlex/Crossref abstract] Adaptive partitioning and early exit. -> Abstract describes adaptive DNN partitioning between device and edge plus early-exit right-sizing. | Bandwidth-aware runtime adaptation. -> Abstract uses regression models in static and online change-point detection in dynamic bandwidth environments. | Prototype hardware. -> Abstract implements a Raspberry Pi and desktop PC prototype. | [latency_evaluation] Recoded Unknown -> abstract claims low-latency effectiveness without a reported timing value (abstract) | [adaptive_inference] Dynamic runtime partitioning (Decision 4) -> abstract: DNN partitioning between device and edge adapts to bandwidth via online change-point detection in dynamic environments, plus early-exit right-sizing (abstract) | [on_device] Split device-edge execution -> abstract: DNN computation is partitioned between device and edge (abstract)","Search group G4. Abstract-level extraction (2026-10-01). Offloads to a proximal edge server, not explicitly a cloud datacenter; cloud left Unknown. Crossref issued year 2020; OpenAlex lists 2019. Paper type: system/method. Recoded latency_evaluation Yes→Unknown under README §7 v1.1 (2026-10-03), Decision 3 (qualitative speed claims). Requires full-text verification. Recoded on_device Unknown→No under README §7 v1.1 (2026-10-03), Decision 7 (split inference). Execution: split/partial on-device inference (device + edge)."
P028,Neurosurgeon: Collaborative Intelligence Between the Cloud and Mobile Edge,Yiping Kang; Johann Hauswald; Cao Gao; Austin Rovinski; Trevor Mudge; Jason Mars; Lingjia Tang,2017,Proceedings of the Twenty-Second International Conference on Architectural Support for Programming Languages and Operating Systems,10.1145/3037697.3037698,https://doi.org/10.1145/3037697.3037698,Adaptive Inference / Mobile-Cloud,Layer-level DNN partitioning between mobile device and datacenter,"8 intelligent applications (vision, speech, NLP)",Neurosurgeon scheduler,Mobile development platform (model not stated in abstract),Unknown,Yes,No,Yes,Yes,Yes,Yes,Unknown,Unknown,Unknown,Unknown,Unknown,Yes,,End-to-end latency 3.1x avg (up to 40.7x) better; mobile energy -59.5% avg (up to -94.7%); datacenter throughput 1.5x avg (up to 6.7x),,,"[Verified; source: abstract via OpenAlex/Crossref abstract] Adaptive partitioning. -> Abstract describes a scheduler that partitions DNN computation between mobile and datacenter, adapting to hardware, wireless network and server load. | Latency and energy evaluated. -> Abstract reports 3.1x average latency improvement and 59.5% average mobile energy reduction. | [latency_evaluation] latency type: end-to-end latency -> abstract reports end-to-end latency improved 3.1x on average (up to 40.7x) (abstract) | [adaptive_inference] Dynamic runtime partitioning (Decision 4) -> abstract: Neurosurgeon partitions DNN layers between mobile device and datacenter and adapts the partition to network conditions and server load (abstract) | [on_device] Split device-cloud execution -> abstract: DNN computation is partitioned between mobile devices and datacenters at layer granularity (abstract) | [edge_device] Partial inference on mobile hardware -> abstract evaluates Neurosurgeon on a mobile development platform that executes part of the DNN (abstract)","Search group G4. Abstract-level extraction (2026-10-01). Full abstract taken from the ACM SIGPLAN Notices reprint (10.1145/3093336.3037698) of the same paper. Pre-2019 foundational paper. Paper type: system/method. Recoded on_device Unknown→No under README §7 v1.1 (2026-10-03), Decision 7 (split inference). Execution: split/partial on-device inference (device + cloud). Recoded edge_device Unknown→Yes under README §7 v1.1 (2026-10-03), README §7.3 edge_device."
P029,NestDNN: Resource-Aware Multi-Tenant On-Device Deep Learning for Continuous Mobile Vision,Biyi Fang; Xiao Zeng; Mi Zhang,2018,Proceedings of the 24th Annual International Conference on Mobile Computing and Networking,10.1145/3241539.3241559,https://doi.org/10.1145/3241539.3241559,Adaptive Inference / Mobile Vision,Resource-aware multi-tenant on-device deep learning for continuous mobile vision,Unknown,NestDNN,Mobile vision systems (platform not stated in abstract),Unknown,Yes,Yes,Unknown,Yes,Yes,Yes,Unknown,Unknown,Unknown,Unknown,Unknown,Yes,Up to +4.2% inference accuracy vs resource-agnostic baseline,Up to 2.0x video frame processing rate; up to 1.7x lower energy consumption vs resource-agnostic baseline,,,"[Verified; source: abstract via OpenAlex/Crossref abstract] Runtime resource adaptation. -> Abstract selects resource-accuracy trade-offs per model at runtime to fit available resources. | Energy and frame rate. -> Abstract reports up to 4.2% higher accuracy, 2.0x frame processing rate and 1.7x energy reduction. | [latency_evaluation] latency type: throughput/FPS -> abstract reports up to 2.0x video frame processing rate (abstract) | [edge_device] Follows from on-device inference on resource-constrained mobile hardware -> on_device = Yes on mobile vision systems (resource-constrained mobile hardware) (abstract)","Search group G4. Abstract-level extraction (2026-10-01). Abstract lists smartphones among example mobile vision systems but does not state the evaluation device; smartphone=Unknown. Paper type: system/method. Recoded edge_device Unknown→Yes under README §7 v1.1 (2026-10-03), README §7.5 consistency."
P030,MCDNN: An Approximation-Based Execution Framework for Deep Stream Processing Under Resource Constraints,Seungyeop Han; Haichen Shen; Matthai Philipose; Sharad Agarwal; Alec Wolman; Arvind Krishnamurthy,2016,"Proceedings of the 14th Annual International Conference on Mobile Systems, Applications, and Services",10.1145/2906388.2906396,https://doi.org/10.1145/2906388.2906396,Adaptive Inference / Mobile-Cloud,Approximate model scheduling for mobile video DNNs under resource constraints,Unknown,MCDNN compiler and runtime scheduler,Cloud-backed mobile devices,Unknown,Unknown,Unknown,Yes,Yes,Yes,Yes,Unknown,Unknown,Unknown,Unknown,Unknown,Unknown,,,,,"[Verified; source: abstract via OpenAlex/Crossref abstract] Resource-constrained scheduling. -> Abstract trades DNN accuracy for resource use and reasons about on-device vs cloud execution under battery, data and cloud-cost budgets. | Energy characterised. -> Abstract characterises accuracy trade-offs against memory, computation and energy.",Search group G4. Abstract-level extraction (2026-10-01). Pre-2019 foundational paper. Paper type: system/method.
P031,LOTUS: learning-based online thermal and latency variation management for two-stage detectors on edge devices,Yifan Gong; Yushu Wu; Zheng Zhan; Pu Zhao; Liangkai Liu; Chao Wu; Xulong Tang; Yanzhi Wang,2024,Proceedings of the 61st ACM/IEEE Design Automation Conference,10.1145/3649329.3657310,https://doi.org/10.1145/3649329.3657310,Thermal-aware Edge AI,Thermal and latency-variation management for two-stage detectors,Unknown,LOTUS (DRL-based joint CPU/GPU frequency scaling),NVIDIA Jetson Orin Nano; Mi 11 Lite mobile platform,Yes,Yes,Yes,Unknown,Unknown,Yes,Unknown,Yes,Unknown,Unknown,Unknown,Unknown,Unknown,,,,,"[Verified; source: abstract via OpenAlex/Crossref abstract] Thermal throttling addressed. -> Abstract scales CPU and GPU frequencies online with deep RL to avoid thermal throttling and stabilise inference speed. | Evaluated platforms. -> Abstract implements LOTUS on NVIDIA Jetson Orin Nano and Mi 11 Lite mobile platforms and reports lower CPU/GPU temperatures. | [latency_evaluation] Recoded Unknown -> abstract reports reduced latency variation and faster inference qualitatively, without values (abstract) | [adaptive_inference] Recoded Unknown -> abstract describes DRL-driven CPU/GPU frequency scaling only; model computation change not stated (abstract) | [resource_awareness] Thermal/latency-driven DVFS decision -> abstract scales CPU/GPU frequencies online to avoid thermal throttling (abstract) | [smartphone] Named phone model -> abstract implements LOTUS on the Mi 11 Lite mobile platform; external identification: Xiaomi official specifications page confirms a cellular Android phone (abstract + manufacturer page)","Search group G4. Abstract-level extraction (2026-10-01). smartphone=Yes because the abstract names the Mi 11 Lite mobile platform (a smartphone model). Paper type: system/method. Recoded latency_evaluation Yes→Unknown under README §7 v1.1 (2026-10-03), Decision 3 (qualitative speed claims). Requires full-text verification. Recoded adaptive_inference Yes→Unknown under README §7 v1.1 (2026-10-03), Decision 4 (DVFS is not adaptive inference). Requires full-text verification. External verification (Decision 6): Xiaomi official specifications page https://www.mi.com/global/product/mi-11-lite/specs/ (accessed 2026-10-03) lists dual nano-SIM, 4G/3G/2G cellular support and Android 11 (MIUI 12), confirming the Mi 11 Lite is a cellular smartphone; the page does not use the word ""smartphone"". The paper does not state whether the 4G or 5G variant was used; both are listed by Xiaomi as phones."
P032,Phoenix: Thermal-Aware On-Device Inference of Multi-Instance DNNs for Mobile Video Applications,Seunghyeok Jeon; Jiwon Kim; Jeho Lee; Hojung Cha,2026,ACM Transactions on Embedded Computing Systems,10.1145/3793860,https://doi.org/10.1145/3793860,Thermal-aware Edge AI,Thermal-aware multi-DNN on-device inference for mobile video,Two benchmarks + Virtual YouTuber streaming app,Phoenix (RL task allocation + multi-exit networks),Mobile devices with heterogeneous processors,Unknown,Yes,Yes,Unknown,Yes,Yes,Unknown,Yes,Unknown,Unknown,Unknown,Unknown,Unknown,,,,,[Verified; source: abstract via OpenAlex/Crossref abstract] Thermal-aware allocation. -> Abstract allocates DNN tasks across heterogeneous processors using RL to model thermal dynamics and delay throttling. | Multi-exit adaptation. -> Abstract uses multi-exit networks to keep frame rates consistent once throttling occurs. | [latency_evaluation] Recoded Unknown -> abstract states frame rate is kept consistent without a reported value (abstract) | [edge_device] Follows from on-device inference on resource-constrained mobile hardware -> on_device = Yes on mobile devices with heterogeneous processors (abstract),"Search group G4. Abstract-level extraction (2026-10-01). 'Mobile devices' in abstract; smartphone model not stated, so smartphone=Unknown. Paper type: system/method. Recoded latency_evaluation Yes→Unknown under README §7 v1.1 (2026-10-03), Decision 3 (qualitative speed claims). Requires full-text verification. Recoded edge_device Unknown→Yes under README §7 v1.1 (2026-10-03), README §7.5 consistency."
P033,CARIn: Constraint-Aware and Responsive Inference on Heterogeneous Devices for Single- and Multi-DNN Workloads,Ioannis Panopoulos; Stylianos Venieris; Iakovos Venieris,2024,ACM Transactions on Embedded Computing Systems,10.1145/3665868,https://doi.org/10.1145/3665868,Adaptive Inference / Mobile,Constraint-aware runtime adaptation for single- and multi-DNN workloads on heterogeneous mobile devices,"Text classification, scene recognition, face analysis tasks",CARIn (multi-objective optimisation + RASS solver),Heterogeneous mobile devices,Unknown,Yes,Yes,Unknown,Yes,Yes,Unknown,Unknown,Unknown,Unknown,Unknown,Unknown,Unknown,,,,,"[Verified; source: abstract via OpenAlex/Crossref abstract] Runtime adaptation under SLOs. -> Abstract optimises on-device DNN execution under user-defined service-level objectives with low-overhead runtime adaptation. | Resource contention and heterogeneity. -> Abstract addresses device heterogeneity and multi-DNN resource contention, reporting up to 4.06x gain over hardware-unaware designs. | [edge_device] Follows from on-device inference on resource-constrained mobile hardware -> on_device = Yes on heterogeneous mobile devices (abstract)","Search group G4. Abstract-level extraction (2026-10-01). smartphone=Unknown (abstract says mobile devices). Paper type: system/method. Recoded edge_device Unknown→Yes under README §7 v1.1 (2026-10-03), README §7.5 consistency."
P034,REDS: Resource-Efficient Deep Subnetworks for Dynamic Resource Constraints,Francesco Corti; Balz Maag; Joachim Schauer; Ulrich Pferschy; Olga Saukh,2026,IEEE Transactions on Mobile Computing,10.1109/tmc.2025.3594214,https://doi.org/10.1109/tmc.2025.3594214,Adaptive Inference / Edge,Deep subnetworks that adapt to dynamic resource constraints on edge devices,"Visual Wake Words, Google Speech Commands, Fashion-MNIST, CIFAR-10, ImageNet-1K","REDS (iterative knapsack, bottom-up/top-down heuristics) applied to DNN, CNN, DS-CNN (S/L), MobileNetV1 (0.25x), ViT-Base","Inference: Xiaomi Redmi Note 9 Pro, Google Pixel 6, Arduino Nano 33 BLE Sense (nRF52840), Infineon CY8CKIT-062S2; Cache benchmark: Raspberry Pi Pico (RP2040); Energy measurement: PPK2 on nRF52840; Training: GPU workstations (Tesla K80, A100)",Yes,Yes,Yes,No,Yes,Yes,Yes,No,No,No,No,No,Yes,"ViT-Base ImageNet-1K top-1: REDS full 79.88%, medium 78.42%, low 68.21%; MobileNetV1 on VWW: 27% lower peak memory for 0.9% lower accuracy","Adaptation time 38 ± 1 µs (2-layer FC network, Arduino Nano 33 BLE Sense); inference 2,131 ± 27 µs (25% MACs) and 4,548 ± 13 µs (50% MACs) on the same board; DS-CNN inference energy 20-61 mJ, switching < 0.01 mJ (nRF52840, PPK2); cache-hit rate > 97% with optimized matrix multiplication (RP2040)",Not tested as NAS for large language or multimodal models; cache optimisation for convolutions unexplored; energy as a solver constraint left for future work,,"[Verified; source: abstract via OpenAlex/Crossref abstract] Adapts to variable resources. -> Abstract introduces subnetworks that adapt at runtime to resource variability from energy levels, timing constraints or task priorities. | Hardware and adaptation time. -> Abstract tests on four off-the-shelf mobile and embedded platforms with adaptation time under 40 microseconds on Arduino Nano 33 BLE. | [latency_evaluation] Recoded Unknown -> abstract reports adaptation time only, not inference timing (abstract) | [Full-text evidence; source: FH JOANNEUM repository PDF in IEEE TMC final layout (OpenAlex label: submittedVersion); read 2026-10-03; Step 9.2 commit 86a087b] [smartphone] Yes -> Step 9.2 Confirmed full-text evidence: Evaluated on two phones (Xiaomi Redmi Note 9 Pro, Google Pixel 6) with the TFLite benchmarking tool on Android. (§VI, p. 461; Fig. 10, p. 462) | [cloud] No -> Step 9.2 Confirmed full-text evidence: Workstations and computing clusters used for training only; no cloud inference. (§IV-A, p. 458; Acknowledgment, p. 463) | [energy_evaluation] Yes -> Step 9.2 Confirmed full-text evidence: Inference energy measured with a Power Profiler Kit (PPK2) on a Nordic nRF52840: 20-61 mJ for DS-CNN; switching < 0.01 mJ. (Table VI and text, p. 463) | [thermal_evaluation] No -> Step 9.2 Confirmed full-text evidence: No thermal measurement. (full text read; no occurrence) | [multi_view] No -> Step 9.2 Confirmed full-text evidence: No multi-view. (full text read; no occurrence) | [uncertainty] No -> Step 9.2 Confirmed full-text evidence: No uncertainty estimation. (full text read; no occurrence) | [confidence_gating] No -> Step 9.2 Confirmed full-text evidence: Early-exit methods appear only as related work and as a comparison baseline; REDS triggers no action from a confidence score. (§I, p. 452; Fig. 11, p. 462) | [anomaly_detection] No -> Step 9.2 Confirmed full-text evidence: Supervised benchmark tasks. (§IV) | [latency_evaluation] Yes -> Step 9.2 Confirmed full-text evidence: latency type: inference latency (TFLite benchmark on phones; on-device timing on IoT boards, e.g. 2-layer FC network on Arduino Nano 33 BLE Sense: 2,131 ± 27 µs at 25% MACs and 4,548 ± 13 µs at 50% MACs). (§VI, pp. 461-463; Fig. 10) | [model] full-text value -> as reported (§III; §IV-A) | [hardware] full-text value -> as reported (§IV-A, p. 458; §V-B, p. 461; §VI, pp. 461-463) | [accuracy_metrics] full-text value -> as reported (§IV-B, p. 458; Tables III-IV, p. 460) | [efficiency_metrics] full-text value -> as reported (§V-B, p. 461; §VI, pp. 462-463; Table VI) | [limitations] full-text value -> stated by the authors (§VII, p. 463)","Search group G4. Abstract-level extraction (2026-10-01). Crossref issued year 2026; OpenAlex lists 2025 (early access). Paper type: system/method. Recoded latency_evaluation Yes→Unknown under README §7 v1.1 (2026-10-03), README §7.3 latency_evaluation (adaptation time excluded). Requires full-text verification. Full-text extraction (2026-10-03; Step 9.4 controlled recoding from Step 9.2 evidence, source: FH JOANNEUM repository PDF in IEEE TMC final layout (OpenAlex label: submittedVersion)). Recoded smartphone Unknown→Yes under README §7 v1.1 (2026-10-03), README §7.3 smartphone; full-text evidence (§VI, p. 461; Fig. 10, p. 462). Recoded cloud Unknown→No under README §7 v1.1 (2026-10-03), README §7.3 cloud; full-text evidence (§IV-A, p. 458; Acknowledgment, p. 463). Recoded energy_evaluation Unknown→Yes under README §7 v1.1 (2026-10-03), README §7.3 energy_evaluation; full-text evidence (Table VI and text, p. 463). Recoded thermal_evaluation Unknown→No under README §7 v1.1 (2026-10-03), README §7.3 thermal_evaluation; full-text evidence (full text read; no occurrence). Recoded multi_view Unknown→No under README §7 v1.1 (2026-10-03), README §7.3 multi_view; full-text evidence (full text read; no occurrence). Recoded uncertainty Unknown→No under README §7 v1.1 (2026-10-03), README §7.3 uncertainty; full-text evidence (full text read; no occurrence). Recoded confidence_gating Unknown→No under README §7 v1.1 (2026-10-03), README §7.3 confidence_gating; full-text evidence (§I, p. 452; Fig. 11, p. 462). Recoded anomaly_detection Unknown→No under README §7 v1.1 (2026-10-03), README §7.3 anomaly_detection; full-text evidence (§IV). Recoded latency_evaluation Unknown→Yes under README §7 v1.1 (2026-10-03), README §7.3 latency_evaluation; full-text evidence (§VI, pp. 461-463; Fig. 10)."
P035,Split Computing and Early Exiting for Deep Learning Applications: Survey and Research Challenges,Yoshitomo Matsubara; Marco Levorato; Francesco Restuccia,2022,ACM Computing Surveys,10.1145/3527155,https://doi.org/10.1145/3527155,Adaptive Inference,Survey of split computing and early exiting,Survey,Split computing and early-exit methods,Unknown,No,No,No,No,No,No,No,No,No,No,No,No,No,,,,,"[Verified; source: abstract via OpenAlex/Crossref abstract] Survey scope. -> Abstract surveys split computing (head on device, tail on edge) and early exiting, where the accuracy-delay trade-off is tuned to current conditions. | [all characteristic fields] Paper is a survey/review -> abstract describes a survey/review of other work and reports no original system evaluation; all characteristic fields coded No (abstract)","Search group G4. Abstract-level extraction (2026-10-01). Survey. Paper type: survey/review. Survey topics: split computing and early exiting for mobile/edge DNN inference. All 13 characteristic fields coded No under README §7 v1.1 (2026-10-03), Decision 1 (surveys); topics are not coded as characteristics."
P036,Efficient Acceleration of Deep Learning Inference on Resource-Constrained Edge Devices: A Review,Md. Maruf Hossain Shuvo; Syed Kamrul Islam; Jianlin Cheng; Bashir I. Morshed,2023,Proceedings of the IEEE,10.1109/jproc.2022.3226481,https://doi.org/10.1109/jproc.2022.3226481,Edge AI Efficiency,Review of efficient DL inference on resource-constrained edge devices,Review,"Review (architectures, model optimisation, HW/SW co-design, accelerators)",Unknown,No,No,No,No,No,No,No,No,No,No,No,No,No,,,,,"[Verified; source: abstract via OpenAlex/Crossref abstract] Review scope. -> Abstract reviews four directions: efficient architectures, optimisation of existing methods, algorithm-hardware co-design and accelerator design. | [all characteristic fields] Paper is a survey/review -> abstract describes a survey/review of other work and reports no original system evaluation; all characteristic fields coded No (abstract)","Search group G4. Abstract-level extraction (2026-10-01). Review. Crossref issued year 2023; OpenAlex lists 2022. Paper type: survey/review. Survey topics: efficient DL inference on resource-constrained edge devices (architectures, optimisation, algorithm-hardware co-design, accelerators). All 13 characteristic fields coded No under README §7 v1.1 (2026-10-03), Decision 1 (surveys); topics are not coded as characteristics."
P037,Real-IAD: A Real-World Multi-View Dataset for Benchmarking Versatile Industrial Anomaly Detection,Chengjie Wang; Wenbing Zhu; Bin-Bin Gao; Zhenye Gan; Jiangning Zhang; Zhihao Gu; Shuguang Qian; Mingang Chen; Lizhuang Ma,2024,2024 IEEE/CVF Conference on Computer Vision and Pattern Recognition (CVPR),10.1109/cvpr52733.2024.02159,https://doi.org/10.1109/cvpr52733.2024.02159,Multi-view Industrial Inspection,Multi-view industrial anomaly detection benchmark,"Real-IAD (150K high-resolution images, 30 objects)",Benchmarked popular IAD methods,Unknown,Unknown,Unknown,Unknown,Unknown,Unknown,Unknown,Unknown,Unknown,Yes,Unknown,Unknown,Yes,Unknown,,,,,[Verified; source: abstract via OpenAlex/Crossref abstract] Multi-view capture. -> Abstract states a multi-view shooting method was adopted and sample-level metrics proposed. | Scale and setting. -> Abstract reports 150K images of 30 objects and a fully unsupervised IAD setting.,Search group G5. Abstract-level extraction (2026-10-01). Paper type: dataset/benchmark.
P038,MANTA: A Large-Scale Multi-View and Visual-Text Anomaly Detection Dataset for Tiny Objects,Lei Fan; Dongdong Fan; Zhiguang Hu; Yiwen Ding; Donglin Di; Kai Yi; Maurice Pagnucco; Yang Song,2025,2025 IEEE/CVF Conference on Computer Vision and Pattern Recognition (CVPR),10.1109/cvpr52734.2025.02376,https://doi.org/10.1109/cvpr52734.2025.02376,Multi-view Industrial Inspection,Multi-view visual-text anomaly detection dataset for tiny objects,"MANTA (137.3K images, 38 categories, 8.6K anomalous; 5 viewpoints per object)",Baseline for visual-text tasks,Unknown,Unknown,Unknown,Unknown,Unknown,Unknown,Unknown,Unknown,Unknown,Yes,Unknown,Unknown,Yes,Unknown,,,,,[Verified; source: abstract via OpenAlex/Crossref abstract] Five viewpoints per image set. -> Abstract states each image is captured from five distinct viewpoints for comprehensive object coverage. | Small objects. -> Abstract targets tiny objects across five domains with pixel-level anomaly labels.,Search group G5. Abstract-level extraction (2026-10-01). Paper type: dataset/benchmark.
P039,Research on Defect Detection of the Outer Side of Bottle Cap Based on High Angle and Multi-View Vision System,Chenghu He; Chen Li; Bowen Chen; Bin Yuan; Yongjing Yin,2023,IEEE Access,10.1109/access.2023.3290616,https://doi.org/10.1109/access.2023.3290616,Multi-view Industrial Inspection,Defect detection on outer side of bottle caps,Unknown,"Background reconstruction of line structure element (BRLSE), classical image processing","High-angle annular illumination, four-view imaging system",Unknown,Unknown,Unknown,Unknown,Unknown,Unknown,Unknown,Unknown,Yes,Unknown,Unknown,Unknown,Yes,Inspection accuracy > 95%,Inspection speed > 400 pcs/min,,,[Verified; source: abstract via OpenAlex/Crossref abstract] Four imaging views. -> Abstract completes imaging of the cap's outer side in four views under high-angle annular illumination. | Throughput and accuracy. -> Abstract reports speed better than 400 pcs/min and accuracy better than 95%. | [latency_evaluation] latency type: throughput/FPS -> abstract reports inspection speed better than 400 pcs/min (abstract),Search group G5. Abstract-level extraction (2026-10-01). Classical (non-deep-learning) method. Paper type: system/method.
P040,MVGCN: Multi-View Graph Convolutional Neural Network for Surface Defect Identification Using Three-Dimensional Point Cloud,Yinan Wang; Wenbo Sun; Jionghua (Judy) Jin; Zhenyu (James) Kong; Xiaowei Yue,2022,Journal of Manufacturing Science and Engineering,10.1115/1.4056005,https://doi.org/10.1115/1.4056005,Multi-view Industrial Inspection,Surface defect identification from 3D point clouds,Synthetic aircraft fuselage surface; real precast concrete specimen,Unsupervised detection + multi-view graph CNN (MVGCN) classifier,Unknown,Unknown,Unknown,Unknown,Unknown,Unknown,Unknown,Unknown,Unknown,Unknown,Unknown,Unknown,Yes,Unknown,,,,,[Verified; source: abstract via OpenAlex/Crossref abstract] Two-step approach. -> Abstract combines unsupervised defect detection with a multi-view deep learning model for defect classification on 3D point clouds. | Image limitations noted. -> Abstract argues image-based methods lose depth information and are sensitive to inspection angle and lighting.,"Search group G5. Abstract-level extraction (2026-10-01). 'Multi-view' refers to the model's representation of point-cloud data; multiple physical camera views are not stated, so multi_view=Unknown. Paper type: system/method. multi_view stays Unknown: ""multi-view"" in the abstract is a point-cloud model representation (README §7.3 multi_view). Requires full-text verification. Search-group fit (G5) awaits researcher decision."
P041,Feature-Driven Viewpoint Placement for Model-Based Surface Inspection,Dennis Mosbach; Petra Gospodnetić; Markus Rauhut; Bernd Hamann; Hans Hagen,2020,Machine Vision and Applications,10.1007/s00138-020-01116-y,https://doi.org/10.1007/s00138-020-01116-y,Viewpoint Planning / Active Inspection,Camera viewpoint placement for model-based optical surface inspection,3D surface models (triangular meshes),B-spline approximation with feature-driven adaptive surface sampling,Robot-mounted cameras (context),Unknown,Unknown,Unknown,Unknown,Unknown,Unknown,Unknown,Unknown,Yes,Unknown,Unknown,Unknown,Unknown,,,,,[Verified; source: abstract via OpenAlex/Crossref abstract] Viewpoint planning. -> Abstract determines a small number of well-placed camera viewpoints for inspection from 3D models using adaptive non-uniform surface sampling.,Search group G5. Abstract-level extraction (2026-10-01). Offline planning from CAD models; no learned defect detector. Paper type: system/method.
P042,Viewpoint placement for inspection planning,Petra Gospodnetić; Dennis Mosbach; Markus Rauhut; Hans Hagen,2021,Machine Vision and Applications,10.1007/s00138-021-01252-z,https://doi.org/10.1007/s00138-021-01252-z,Viewpoint Planning / Active Inspection,Evaluation of automated inspection viewpoint planning vs expert plans,Various objects,Generate-and-test viewpoint planning approaches,Unknown,Unknown,Unknown,Unknown,Unknown,Unknown,Unknown,Unknown,Unknown,Yes,Unknown,Unknown,Unknown,Unknown,,,(field-level) Abstract notes automated inspection plans are hard to verify and cannot be compared with laboratory-developed plans.,,"[Verified; source: abstract via OpenAlex/Crossref abstract] Comparison with experts. -> Abstract reviews generate-and-test viewpoint planning, evaluates them on several objects and compares with expert-created plans. | [limitations] Field-level limitation -> abstract states automated inspection plans are difficult to verify and impossible to compare with laboratory-developed plans (abstract)",Search group G5. Abstract-level extraction (2026-10-01). Paper type: measurement study.
P043,2M3DF: Advancing 3D Industrial Defect Detection With Multi-Perspective Multimodal Fusion Network,Mujtaba Asad; Waqar Azeem; He Jiang; Hafiz Tayyab Mustafa; Jie Yang; Wei Liu,2025,IEEE Transactions on Circuits and Systems for Video Technology,10.1109/tcsvt.2025.3536475,https://doi.org/10.1109/tcsvt.2025.3536475,Multi-view Industrial Inspection,3D industrial anomaly detection fusing multi-view RGB and point clouds,"MVTec3D-AD, Eyecandies","2M3DF (pretrained extractors, inter-modality fusion, multivariate Gaussian)",Unknown,Unknown,Unknown,Unknown,Unknown,Unknown,Unknown,Unknown,Unknown,Yes,Unknown,Unknown,Yes,Unknown,Mean I-AUROC 96.6%,,,,"[Verified; source: abstract via OpenAlex/Crossref abstract] Multi-view RGB fusion. -> Abstract uses features from multi-view RGB images and corresponding point clouds, fused pixel-to-point. | Result. -> Abstract reports 96.6% mean I-AUROC and real-time results.",Search group G5. Abstract-level extraction (2026-10-01). Real-time claim without latency figure in abstract. Paper type: system/method.
P044,Robotic Defect Inspection with Visual and Tactile Perception for Large-Scale Components,Arpit Agarwal; Abhiroop Ajith; Chengtao Wen; Veniamin Stryzheus; Brian Miller; Matthew Chen; Micah K. Johnson; Jose Luis Susa Rincon; Justinian Rosca; Wenzhen Yuan,2023,2023 IEEE/RSJ International Conference on Intelligent Robots and Systems (IROS),10.1109/iros55552.2023.10341590,https://doi.org/10.1109/iros55552.2023.10341590,Active Inspection / Robotics,Two-stage visual-then-tactile defect inspection of large aerospace components,New real-world dataset of metallic defects on aerospace parts,Two-stage multimodal pipeline (vision then tactile),Robot with visual and tactile sensors,Unknown,Unknown,Unknown,Unknown,Unknown,Unknown,Unknown,Unknown,Unknown,Unknown,Unknown,Unknown,Unknown,,,,,"[Verified; source: abstract via OpenAlex/Crossref abstract] Staged inspection. -> Abstract localises defects with a global visual view, then uses tactile scanning of localised areas for remaining defects. | Result. -> Abstract reports 85% of defects found in Stage I and 100% after Stage II.","Search group G5. Abstract-level extraction (2026-10-01). Second stage is tactile, not a second camera view; multi_view left Unknown. Paper type: system/method."
P045,Selective Classification for Deep Neural Networks,Yonatan Geifman; Ran El-Yaniv,2017,Advances in Neural Information Processing Systems 30 (NeurIPS 2017),,https://papers.nips.cc/paper_files/paper/2017/hash/4a8423d5e91fda00bb7e46540e2b0cf1-Abstract.html,Selective Prediction,Selective classification (reject option) with guaranteed risk,"CIFAR, ImageNet",Selective classifier built on trained DNNs,Unknown,Unknown,Unknown,Unknown,Unknown,Unknown,Unknown,Unknown,Unknown,Unknown,Yes,Unknown,Unknown,Unknown,2% top-5 ImageNet error guaranteed with probability 99.9% at almost 60% coverage,,,,[Verified; source: abstract via OpenAlex (arXiv record) and proceedings page] Reject option with risk control. -> Abstract constructs a selective classifier that rejects instances at test time to guarantee a user-set risk level. | Result. -> Abstract reports 2% top-5 ImageNet error with 99.9% probability at almost 60% coverage.,Search group G6. Abstract-level extraction (2026-10-01). Peer-reviewed NeurIPS 2017 paper (no DOI). arXiv preprint DOI: 10.48550/arXiv.1705.08500. Venue verified via OpenAlex and the NeurIPS proceedings page. Paper type: system/method. confidence_gating left Unknown: abstract describes rejection to meet a risk level but does not state what score drives it. Requires full-text verification.
P046,SelectiveNet: A Deep Neural Network with an Integrated Reject Option,Yonatan Geifman; Ran El-Yaniv,2019,"Proceedings of the 36th International Conference on Machine Learning (ICML 2019), PMLR 97",,https://proceedings.mlr.press/v97/geifman19a.html,Selective Prediction,End-to-end training of classification with integrated rejection,Several classification and regression datasets (names not in abstract),SelectiveNet,Unknown,Unknown,Unknown,Unknown,Unknown,Unknown,Unknown,Unknown,Unknown,Unknown,Yes,Unknown,Unknown,Unknown,,,,,"[Verified; source: abstract via OpenAlex (arXiv record) and proceedings page] Integrated reject option. -> Abstract trains classification and rejection jointly end-to-end, in contrast to thresholding a pretrained network's confidence. | Risk-coverage. -> Abstract reports improved risk-coverage trade-off over several datasets.",Search group G6. Abstract-level extraction (2026-10-01). Peer-reviewed ICML 2019 paper (no DOI). arXiv preprint DOI: 10.48550/arXiv.1901.09192. Venue verified via the PMLR proceedings page. Paper type: system/method. confidence_gating left Unknown: rejection uses a learned selection head rather than the prediction confidence; whether that counts as confidence gating needs researcher review. Requires full-text verification.
P047,U2D2PCB: Uncertainty-Aware Unsupervised Defect Detection on PCB Images Using Reconstructive and Discriminative Models,Changlin Chen; Qiman Wu; Jin Zhang; Haojie Xia; Pengrong Lin; Yong Wang; Mengke Tian; Rencheng Song,2024,IEEE Transactions on Instrumentation and Measurement,10.1109/tim.2024.3386210,https://doi.org/10.1109/tim.2024.3386210,Uncertainty-aware Inspection,Unsupervised PCB defect detection with uncertainty estimation,Public PCB defect dataset; DeepPCB,U2D2PCB (reconstructive + discriminative U-Nets),Unknown,Unknown,Unknown,Unknown,Unknown,Unknown,Unknown,Unknown,Unknown,Unknown,Yes,Unknown,Yes,Unknown,mAP 99.29% (PCB defect dataset); 95.78% (DeepPCB),,,,[Verified; source: abstract via OpenAlex/Crossref abstract] Uncertainty evaluated. -> Abstract's discriminative sub-network segments defects and evaluates defect uncertainty. | Unsupervised training. -> Abstract trains only on defect-free images with synthetic multi-scale defects.,Search group G6. Abstract-level extraction (2026-10-01). Paper type: system/method.
P048,An Uncertainty-Aware Deep Learning Model for Reliable Detection of Steel Wire Rope Defects,Wenting Yi; Wai Kit Chan; Hiu Hung Lee; Steven T. Boles; Xiaoge Zhang,2024,IEEE Transactions on Reliability,10.1109/tr.2023.3335958,https://doi.org/10.1109/tr.2023.3335958,Uncertainty-aware Inspection,Steel wire rope defect classification with uncertainty and OOD detection,Magnetic flux leakage signals from dedicated experimental setup,GoogLeNet with SNGP (spectral normalisation + Gaussian process),Unknown,Unknown,Unknown,Unknown,Unknown,Unknown,Unknown,Unknown,Unknown,Unknown,Yes,Unknown,Unknown,Unknown,,,,,[Verified; source: abstract via OpenAlex/Crossref abstract] Uncertainty module. -> Abstract integrates spectral-normalised neural Gaussian process into GoogLeNet for distance-aware uncertainty. | OOD identification. -> Abstract evaluates identification of out-of-distribution wire-rope instances.,"Search group G6. Abstract-level extraction (2026-10-01). Sensing modality is magnetic flux leakage converted to images (Gramian angular field), not camera images. Crossref issued year 2024; OpenAlex lists 2023. Paper type: system/method."
P049,Epistemic and aleatoric uncertainty quantification for crack detection using a Bayesian Boundary Aware Convolutional Network,Rahul Rathnakumar; Yutian Pang; Yongming Liu,2023,Reliability Engineering & System Safety,10.1016/j.ress.2023.109547,https://doi.org/10.1016/j.ress.2023.109547,Uncertainty-aware Inspection,Crack boundary detection with epistemic and aleatoric uncertainty,Benchmark crack datasets (names not in abstract),Bayesian Boundary-Aware Convolutional Network (B-BACN),Unknown,Unknown,Unknown,Unknown,Unknown,Unknown,Unknown,Unknown,Unknown,Unknown,Yes,Unknown,Unknown,Unknown,,,,,[Verified; source: abstract via Semantic Scholar] Epistemic and aleatoric UQ. -> Abstract uses Monte Carlo dropout for epistemic and Gaussian sampling for aleatoric uncertainty. | Calibration. -> Abstract reports reduced misclassification and improved calibration.,Search group G6. Abstract-level extraction (2026-10-01). Paper type: system/method.
P050,Pixel-Level Anomaly Detection via Uncertainty-aware Prototypical Transformer,Chao Huang; Chengliang Liu; Zheng Zhang; Zhihao Wu; Jie Wen; Qiuping Jiang; Yong Xu,2022,Proceedings of the 30th ACM International Conference on Multimedia,10.1145/3503161.3548082,https://doi.org/10.1145/3503161.3548082,Uncertainty-aware Anomaly Detection,Pixel-level visual anomaly detection,Five datasets (names not in abstract),Uncertainty-aware prototypical transformer (UPformer),Unknown,Unknown,Unknown,Unknown,Unknown,Unknown,Unknown,Unknown,Unknown,Unknown,Yes,Unknown,Yes,Unknown,,,,,[Verified; source: abstract via OpenAlex/Crossref abstract] Uncertainty guides decoding. -> Abstract learns detection uncertainty distributions and uses them to guide the decoder toward uncertain areas.,Search group G6. Abstract-level extraction (2026-10-01). Paper type: system/method.
P051,Uncertainty Quantification for Deep Learning in Ultrasonic Crack Characterization,Richard J. Pyle; Robert R. Hughes; Amine Ait Si Ali; Paul D. Wilcox,2022,"IEEE Transactions on Ultrasonics, Ferroelectrics, and Frequency Control",10.1109/tuffc.2022.3176926,https://doi.org/10.1109/tuffc.2022.3176926,Uncertainty-aware Inspection (NDE),Crack sizing from ultrasonic plane-wave images with UQ,Simulated (hybrid FE/ray model) and experimental ultrasonic images,CNN with deep ensembles and Monte Carlo dropout,Unknown,Unknown,Unknown,Unknown,Unknown,Unknown,Unknown,Unknown,Unknown,Unknown,Yes,Unknown,Unknown,Unknown,Calibration fit R: MC dropout 0.84; deep ensembles 0.95; ensembles + spectral norm + residual 0.98,,,,[Verified; source: abstract via OpenAlex/Crossref abstract] UQ methods compared. -> Abstract compares deep ensembles and Monte Carlo dropout and judges UQ by calibration and OOD detection. | Finding. -> Abstract reports MC dropout performs poorly and deep ensembles improve calibration and anomaly detection.,"Search group G6. Abstract-level extraction (2026-10-01). Ultrasonic imaging modality, not optical camera. Paper type: system/method."
P052,"A review of uncertainty quantification in deep learning: Techniques, applications and challenges",Moloud Abdar; Farhad Pourpanah; Sadiq Hussain; Dana Rezazadegan; Li Liu; Mohammad Ghavamzadeh; Paul Fieguth; Xiaochun Cao; Abbas Khosravi; U. Rajendra Acharya; Vladimir Makarenkov; Saeid Nahavandi,2021,Information Fusion,10.1016/j.inffus.2021.05.008,https://doi.org/10.1016/j.inffus.2021.05.008,Uncertainty Quantification,Review of uncertainty quantification in deep learning,Review,"Bayesian approximation, ensemble methods and others",Unknown,No,No,No,No,No,No,No,No,No,No,No,No,No,,,,,"[Verified; source: abstract via OpenAlex/Crossref abstract] Review scope. -> Abstract reviews UQ methods in deep learning, with Bayesian approximation and ensembles as the two main families. | [all characteristic fields] Paper is a survey/review -> abstract describes a survey/review of other work and reports no original system evaluation; all characteristic fields coded No (abstract)","Search group G6. Abstract-level extraction (2026-10-01). Review. Paper type: survey/review. Survey topics: uncertainty quantification methods in deep learning (Bayesian approximation, ensembles) and their applications. All 13 characteristic fields coded No under README §7 v1.1 (2026-10-03), Decision 1 (surveys); topics are not coded as characteristics."
P053,Contact Wire Support Defect Detection Using Deep Bayesian Segmentation Neural Networks and Prior Geometric Knowledge,Gaoqiang Kang; Shibin Gao; Long Yu; Dongkai Zhang; Xiaoguang Wei; Dong Zhan,2019,IEEE Access,10.1109/access.2019.2955753,https://doi.org/10.1109/access.2019.2955753,Uncertainty-aware Inspection,Railway catenary contact wire support defect detection,Images from Hefei-Fuzhou high-speed railway line,Faster R-CNN + Bayesian FCN segmentation (CCSN) + geometric criteria,Unknown,Unknown,Unknown,Unknown,Unknown,Unknown,Unknown,Unknown,Unknown,Unknown,Yes,Unknown,Unknown,Unknown,,,,,[Verified; source: abstract via OpenAlex/Crossref abstract] MC dropout uncertainty. -> Abstract states the segmentation network evaluates model uncertainty via Monte Carlo dropout.,Search group G6. Abstract-level extraction (2026-10-01). Paper type: system/method.
P054,An Uncertainty-Aware Deep Learning Framework for Defect Detection in Casting Products,Maryam Habibpour; Hassan Gharoun; AmirReza Tajally; Afshar Shamsi; Hamzeh Asgharnezhad; Abbas Khosravi; Saeid Nahavandi,2021,arXiv preprint,10.48550/arxiv.2107.11643,https://doi.org/10.48550/arxiv.2107.11643,Uncertainty-aware Inspection,Casting product defect classification with epistemic uncertainty,Small casting image dataset (name not in abstract),"Pretrained CNN features (VGG16, ResNet50, DenseNet121, InceptionResNetV2) + ML classifiers; ensemble of MLPs for UQ",Unknown,Unknown,Unknown,Unknown,Unknown,Unknown,Unknown,Unknown,Unknown,Unknown,Yes,Unknown,Unknown,Unknown,,,,,[Verified; source: abstract via OpenAlex/Crossref abstract] Ensemble UQ. -> Abstract measures epistemic uncertainty with an ensemble of MLPs on features from four pretrained CNNs. | UQ evaluation. -> Abstract uses a UQ confusion matrix and uncertainty accuracy metric; VGG16-based UQ performed best.,"Search group G6. Abstract-level extraction (2026-10-01). Preprint (arXiv; also posted on SSRN). No peer-reviewed version found in OpenAlex as of 2026-10-01. Paper type: system/method. Alternative identifier: SSRN posting 10.2139/ssrn.4042653 (2022, same work). No peer-reviewed version found in Crossref as of 2026-10-02."
